datetime,symbol,name,open,high,low,close,volume
2026-09-07 09:00:00,005930,삼성전자,267000,267500,266500,266500,481794
2026-09-07 09:01:00,005930,삼성전자,267000,267000,266500,266500,91388
2026-09-07 09:02:00,005930,삼성전자,266500,267500,266500,267000,214893
2026-09-07 09:03:00,005930,삼성전자,266750,267000,266000,266000,77894
2026-09-07 09:04:00,005930,삼성전자,266000,266500,265500,266000,109954
2026-09-07 09:05:00,005930,삼성전자,266250,266500,265500,266000,113002
2026-09-07 09:06:00,005930,삼성전자,266500,266500,266000,266500,65690
2026-09-07 09:07:00,005930,삼성전자,266500,267000,266000,267000,81719
2026-09-07 09:08:00,005930,삼성전자,267000,267000,266500,267000,28588
2026-09-07 09:09:00,005930,삼성전자,267000,267000,266500,267000,32881
2026-09-07 09:10:00,005930,삼성전자,266500,267500,266500,267500,176230
2026-09-07 09:11:00,005930,삼성전자,267500,267500,267000,267500,95228
2026-09-07 09:12:00,005930,삼성전자,267500,267500,267000,267250,47677
2026-09-07 09:13:00,005930,삼성전자,267500,268000,267000,267500,122915
2026-09-07 09:14:00,005930,삼성전자,267500,267500,266500,266500,95846
2026-09-07 09:15:00,005930,삼성전자,267000,267500,266500,267000,89959
2026-09-07 09:16:00,005930,삼성전자,267000,267500,266500,267000,53360
2026-09-07 09:17:00,005930,삼성전자,267000,267000,266500,266500,23909
2026-09-07 09:18:00,005930,삼성전자,266750,267000,266000,266500,114142
2026-09-07 09:19:00,005930,삼성전자,266500,266500,265500,266000,83616
2026-09-07 09:20:00,005930,삼성전자,266250,266500,266000,266000,60439
2026-09-07 09:21:00,005930,삼성전자,266000,266500,265500,265750,70680
2026-09-07 09:22:00,005930,삼성전자,265750,266000,265500,265750,42173
2026-09-07 09:23:00,005930,삼성전자,265500,266000,265500,266000,30970
2026-09-07 09:24:00,005930,삼성전자,266000,266500,265500,265750,116200
2026-09-07 09:25:00,005930,삼성전자,266000,266000,265500,265500,18977
2026-09-07 09:26:00,005930,삼성전자,266000,267000,265500,266500,137483
2026-09-07 09:27:00,005930,삼성전자,266500,267000,266000,266250,35418
2026-09-07 09:28:00,005930,삼성전자,266000,266500,265500,266000,67119
2026-09-07 09:29:00,005930,삼성전자,265500,266000,265500,265750,47711
2026-09-07 09:30:00,005930,삼성전자,266000,266500,265750,266500,50521
2026-09-07 09:31:00,005930,삼성전자,266500,266500,265500,266000,30729
2026-09-07 09:32:00,005930,삼성전자,266000,266250,265500,266000,22729
2026-09-07 09:33:00,005930,삼성전자,266000,266000,265500,266000,25320
2026-09-07 09:34:00,005930,삼성전자,266000,266000,265500,265500,9693
2026-09-07 09:35:00,005930,삼성전자,266000,266000,265500,265750,19630
2026-09-07 09:36:00,005930,삼성전자,265750,266000,265500,265750,22501
2026-09-07 09:37:00,005930,삼성전자,265750,266000,265500,265500,75674
2026-09-07 09:38:00,005930,삼성전자,265500,265750,265000,265000,89219
2026-09-07 09:39:00,005930,삼성전자,265000,265500,264500,265000,72750
2026-09-07 09:40:00,005930,삼성전자,265000,265000,264500,264750,17912
2026-09-07 09:41:00,005930,삼성전자,264750,265500,264500,265500,89256
2026-09-07 09:42:00,005930,삼성전자,265500,265500,265000,265500,35385
2026-09-07 09:43:00,005930,삼성전자,265500,265500,265000,265500,24244
2026-09-07 09:44:00,005930,삼성전자,265500,265500,265000,265000,17462
2026-09-07 09:45:00,005930,삼성전자,265500,266000,265000,265500,66508
2026-09-07 09:46:00,005930,삼성전자,265500,266000,265000,265500,80630
2026-09-07 09:47:00,005930,삼성전자,265500,265500,265000,265250,19767
2026-09-07 09:48:00,005930,삼성전자,265000,265250,264500,264750,63509
2026-09-07 09:49:00,005930,삼성전자,265000,265000,264500,264750,29899
2026-09-07 09:50:00,005930,삼성전자,265000,265000,264500,264500,13095
2026-09-07 09:51:00,005930,삼성전자,264750,264750,264500,264500,13939
2026-09-07 09:52:00,005930,삼성전자,264750,264750,264000,264500,61761
2026-09-07 09:53:00,005930,삼성전자,264500,265000,264000,264750,42085
2026-09-07 09:54:00,005930,삼성전자,264750,265500,264750,265250,58764
2026-09-07 09:55:00,005930,삼성전자,265250,265500,265000,265000,23434
2026-09-07 09:56:00,005930,삼성전자,265250,265500,265000,265250,26754
2026-09-07 09:57:00,005930,삼성전자,265250,265250,264750,264750,42368
2026-09-07 09:58:00,005930,삼성전자,265000,265500,264500,264500,28477
2026-09-07 09:59:00,005930,삼성전자,264750,264750,264500,264750,13859
2026-09-07 10:00:00,005930,삼성전자,264750,265000,264000,264500,61063
2026-09-07 10:01:00,005930,삼성전자,264500,264500,264000,264250,15905
2026-09-07 10:02:00,005930,삼성전자,264250,264500,264000,264250,27249
2026-09-07 10:03:00,005930,삼성전자,264250,264500,264000,264000,11061
2026-09-07 10:04:00,005930,삼성전자,264250,264500,264000,264250,7896
2026-09-07 10:05:00,005930,삼성전자,264500,265000,264000,264250,59314
2026-09-07 10:06:00,005930,삼성전자,264250,264500,264000,264250,7934
2026-09-07 10:07:00,005930,삼성전자,264250,265000,264000,264500,40160
2026-09-07 10:08:00,005930,삼성전자,264500,265000,264500,264750,15107
2026-09-07 10:09:00,005930,삼성전자,264750,265000,264500,265000,8472
2026-09-07 10:10:00,005930,삼성전자,265000,265000,264500,264500,6072
2026-09-07 10:11:00,005930,삼성전자,265000,265000,264500,265000,5723
2026-09-07 10:12:00,005930,삼성전자,265000,265000,264500,264750,18010
2026-09-07 10:13:00,005930,삼성전자,264750,265500,264500,265000,70299
2026-09-07 10:14:00,005930,삼성전자,265500,265500,265000,265000,14609
2026-09-07 10:15:00,005930,삼성전자,265250,265250,265000,265000,16757
2026-09-07 10:16:00,005930,삼성전자,265000,265250,265000,265250,19776
2026-09-07 10:17:00,005930,삼성전자,265000,265500,265000,265250,10286
2026-09-07 10:18:00,005930,삼성전자,265250,265500,265000,265250,48830
2026-09-07 10:19:00,005930,삼성전자,265250,265500,265000,265000,18027
2026-09-07 10:20:00,005930,삼성전자,265000,265250,264500,265000,23028
2026-09-07 10:21:00,005930,삼성전자,265000,265500,264500,264750,42301
2026-09-07 10:22:00,005930,삼성전자,265000,265500,264500,265000,33810
2026-09-07 10:23:00,005930,삼성전자,265000,265000,264500,264750,14370
2026-09-07 10:24:00,005930,삼성전자,265000,265500,264500,265000,37239
2026-09-07 10:25:00,005930,삼성전자,265250,265500,265000,265500,13850
2026-09-07 10:26:00,005930,삼성전자,265000,265500,265000,265500,23628
2026-09-07 10:27:00,005930,삼성전자,265500,266000,265000,265500,48453
2026-09-07 10:28:00,005930,삼성전자,265500,266000,265000,265500,29320
2026-09-07 10:29:00,005930,삼성전자,265500,265750,265500,265750,11849
2026-09-07 10:30:00,005930,삼성전자,265500,265750,264500,265000,104313
2026-09-07 10:31:00,005930,삼성전자,265000,265500,264500,265250,40564
2026-09-07 10:32:00,005930,삼성전자,265000,265250,264500,264750,46090
2026-09-07 10:33:00,005930,삼성전자,264750,265500,264500,265000,24772
2026-09-07 10:34:00,005930,삼성전자,264500,265000,264500,265000,16946
2026-09-07 10:35:00,005930,삼성전자,264750,265500,264500,265000,22941
2026-09-07 10:36:00,005930,삼성전자,265000,265250,265000,265000,16727
2026-09-07 10:37:00,005930,삼성전자,265000,265500,265000,265250,5316
2026-09-07 10:38:00,005930,삼성전자,265500,265500,265000,265500,5848
2026-09-07 10:39:00,005930,삼성전자,265000,265500,265000,265500,4505
2026-09-07 10:40:00,005930,삼성전자,265000,265500,265000,265250,5681
2026-09-07 10:41:00,005930,삼성전자,265000,265500,265000,265500,6595
2026-09-07 10:42:00,005930,삼성전자,265500,265500,265000,265250,5365
2026-09-07 10:43:00,005930,삼성전자,265250,265250,265000,265000,7391
2026-09-07 10:44:00,005930,삼성전자,265250,265250,265000,265250,6518
2026-09-07 10:45:00,005930,삼성전자,265000,265500,265000,265250,8368
2026-09-07 10:46:00,005930,삼성전자,265250,265500,265250,265250,6340
2026-09-07 10:47:00,005930,삼성전자,265250,265500,265250,265500,6006
2026-09-07 10:48:00,005930,삼성전자,265250,265500,265250,265500,7293
2026-09-07 10:49:00,005930,삼성전자,265250,265500,265250,265250,11608
2026-09-07 10:50:00,005930,삼성전자,265250,265500,265250,265500,23617
2026-09-07 10:51:00,005930,삼성전자,265250,265500,265000,265500,37785
2026-09-07 10:52:00,005930,삼성전자,265500,266000,265250,265500,86560
2026-09-07 10:53:00,005930,삼성전자,265500,265750,265500,265500,16084
2026-09-07 10:54:00,005930,삼성전자,265750,265750,265000,265500,61341
2026-09-07 10:55:00,005930,삼성전자,265000,265500,265000,265250,4391
2026-09-07 10:56:00,005930,삼성전자,265250,265500,265250,265250,13291
2026-09-07 10:57:00,005930,삼성전자,265500,266000,265000,265000,63438
2026-09-07 10:58:00,005930,삼성전자,265500,266000,265000,265250,22640
2026-09-07 10:59:00,005930,삼성전자,265500,266000,265000,265500,43714
2026-09-07 11:00:00,005930,삼성전자,266000,266000,265000,265500,24916
2026-09-07 11:01:00,005930,삼성전자,265000,266000,265000,265500,17584
2026-09-07 11:02:00,005930,삼성전자,265500,266000,265000,265500,32301
2026-09-07 11:03:00,005930,삼성전자,265500,266000,265250,265500,19195
2026-09-07 11:04:00,005930,삼성전자,265500,266000,265000,265250,21961
2026-09-07 11:05:00,005930,삼성전자,265500,265500,265000,265500,3801
2026-09-07 11:06:00,005930,삼성전자,265500,265500,265000,265250,8245
2026-09-07 11:07:00,005930,삼성전자,265500,265500,265250,265250,31690
2026-09-07 11:08:00,005930,삼성전자,265500,265500,265250,265500,11978
2026-09-07 11:09:00,005930,삼성전자,265250,266000,265250,265500,42829
2026-09-07 11:10:00,005930,삼성전자,265500,265750,265000,265500,93503
2026-09-07 11:11:00,005930,삼성전자,265500,265500,265000,265250,8234
2026-09-07 11:12:00,005930,삼성전자,265250,265500,265000,265500,8439
2026-09-07 11:13:00,005930,삼성전자,265500,265500,265250,265250,8499
2026-09-07 11:14:00,005930,삼성전자,265500,265500,265000,265500,6193
2026-09-07 11:15:00,005930,삼성전자,265500,266000,265250,265500,64498
2026-09-07 11:16:00,005930,삼성전자,265500,266000,265500,265750,8700
2026-09-07 11:17:00,005930,삼성전자,265750,266000,265750,266000,6631
2026-09-07 11:18:00,005930,삼성전자,265750,266000,265500,265500,11171
2026-09-07 11:19:00,005930,삼성전자,265500,265750,265500,265500,14361
2026-09-07 11:20:00,005930,삼성전자,265750,265750,265500,265750,15408
2026-09-07 11:21:00,005930,삼성전자,265500,266000,265500,265750,15608
2026-09-07 11:22:00,005930,삼성전자,265750,265750,265500,265750,10779
2026-09-07 11:23:00,005930,삼성전자,265500,266000,265000,265500,117091
2026-09-07 11:24:00,005930,삼성전자,265500,266000,265500,265500,14338
2026-09-07 11:25:00,005930,삼성전자,265500,266000,265000,265500,54793
2026-09-07 11:26:00,005930,삼성전자,265500,266000,265500,265500,13572
2026-09-07 11:27:00,005930,삼성전자,266000,266000,265500,266000,6616
2026-09-07 11:28:00,005930,삼성전자,265750,266000,265750,266000,3581
2026-09-07 11:29:00,005930,삼성전자,266000,266000,265750,265750,12023
2026-09-07 11:30:00,005930,삼성전자,265750,266000,265750,265750,13177
2026-09-07 11:31:00,005930,삼성전자,265750,266000,265750,265750,11577
2026-09-07 11:32:00,005930,삼성전자,265750,266000,265750,265750,13051
2026-09-07 11:33:00,005930,삼성전자,266000,266000,265750,265750,7290
2026-09-07 11:34:00,005930,삼성전자,266000,266000,265750,265750,12571
2026-09-07 11:35:00,005930,삼성전자,265750,266000,265750,265750,10238
2026-09-07 11:36:00,005930,삼성전자,266000,266000,265750,265750,13841
2026-09-07 11:37:00,005930,삼성전자,265750,266000,265750,265750,17402
2026-09-07 11:38:00,005930,삼성전자,266000,266000,265500,265500,13015
2026-09-07 11:39:00,005930,삼성전자,266000,266000,265500,265750,16005
2026-09-07 11:40:00,005930,삼성전자,265750,266000,265500,266000,10728
2026-09-07 11:41:00,005930,삼성전자,265750,266000,265750,265750,59922
2026-09-07 11:42:00,005930,삼성전자,266000,266000,265500,266000,25993
2026-09-07 11:43:00,005930,삼성전자,265750,266000,265750,266000,12626
2026-09-07 11:44:00,005930,삼성전자,265750,266000,265750,265750,13084
2026-09-07 11:45:00,005930,삼성전자,266000,266000,265750,266000,13894
2026-09-07 11:46:00,005930,삼성전자,266000,266000,265750,266000,16125
2026-09-07 11:47:00,005930,삼성전자,266000,266000,265500,266000,14767
2026-09-07 11:48:00,005930,삼성전자,265500,266000,265500,265500,14988
2026-09-07 11:49:00,005930,삼성전자,266000,266500,265500,266250,95792
2026-09-07 11:50:00,005930,삼성전자,266250,266250,266000,266250,23279
2026-09-07 11:51:00,005930,삼성전자,266250,266500,266000,266500,14632
2026-09-07 11:52:00,005930,삼성전자,266500,266500,266000,266000,14475
2026-09-07 11:53:00,005930,삼성전자,266000,266500,266000,266000,36361
2026-09-07 11:54:00,005930,삼성전자,266000,266250,266000,266000,15372
2026-09-07 11:55:00,005930,삼성전자,266000,266250,266000,266000,18261
2026-09-07 11:56:00,005930,삼성전자,266000,266250,265500,265500,74939
2026-09-07 11:57:00,005930,삼성전자,266000,266000,265500,265500,5892
2026-09-07 11:58:00,005930,삼성전자,265500,266000,265500,266000,28769
2026-09-07 11:59:00,005930,삼성전자,265500,266500,265500,266000,65765
2026-09-07 12:00:00,005930,삼성전자,266250,266500,265500,266000,14924
2026-09-07 12:01:00,005930,삼성전자,266000,266000,265750,266000,8460
2026-09-07 12:02:00,005930,삼성전자,266000,266000,265500,266000,38791
2026-09-07 12:03:00,005930,삼성전자,265500,266000,265500,265750,7805
2026-09-07 12:04:00,005930,삼성전자,265750,266000,265500,265500,8246
2026-09-07 12:05:00,005930,삼성전자,265500,266000,265500,266000,11703
2026-09-07 12:06:00,005930,삼성전자,265750,266000,265500,266000,5851
2026-09-07 12:07:00,005930,삼성전자,265500,266000,265500,266000,8789
2026-09-07 12:08:00,005930,삼성전자,266000,266000,265500,266000,7455
2026-09-07 12:09:00,005930,삼성전자,265750,266000,265750,266000,5610
2026-09-07 12:10:00,005930,삼성전자,265750,266000,265750,265750,23379
2026-09-07 12:11:00,005930,삼성전자,265750,266000,265750,266000,20980
2026-09-07 12:12:00,005930,삼성전자,265750,266000,265750,266000,8554
2026-09-07 12:13:00,005930,삼성전자,265750,266000,265750,265750,16302
2026-09-07 12:14:00,005930,삼성전자,266000,266000,265500,266000,34481
2026-09-07 12:15:00,005930,삼성전자,266000,266500,265750,266250,54356
2026-09-07 12:16:00,005930,삼성전자,266250,266500,266000,266000,11835
2026-09-07 12:17:00,005930,삼성전자,266000,266250,265500,265750,40738
2026-09-07 12:18:00,005930,삼성전자,266000,266000,265750,265750,58289
2026-09-07 12:19:00,005930,삼성전자,265750,266500,265750,266250,20365
2026-09-07 12:20:00,005930,삼성전자,266250,266500,266250,266250,8918
2026-09-07 12:21:00,005930,삼성전자,266250,266500,266250,266250,4820
2026-09-07 12:22:00,005930,삼성전자,266500,267000,266250,266750,142784
2026-09-07 12:23:00,005930,삼성전자,266750,267000,266500,266750,24876
2026-09-07 12:24:00,005930,삼성전자,266750,267000,266500,266750,9153
2026-09-07 12:25:00,005930,삼성전자,266750,267000,266750,266750,10316
2026-09-07 12:26:00,005930,삼성전자,266750,267000,266500,266750,14331
2026-09-07 12:27:00,005930,삼성전자,266750,267000,266750,267000,9163
2026-09-07 12:28:00,005930,삼성전자,266750,267000,266750,266750,13436
2026-09-07 12:29:00,005930,삼성전자,266750,267000,266750,266750,40029
2026-09-07 12:30:00,005930,삼성전자,267000,267000,266750,266750,43460
2026-09-07 12:31:00,005930,삼성전자,267000,267000,266750,267000,16513
2026-09-07 12:32:00,005930,삼성전자,266750,267000,266750,266750,11025
2026-09-07 12:33:00,005930,삼성전자,266750,267000,266750,267000,24938
2026-09-07 12:34:00,005930,삼성전자,267000,267000,266750,266750,18274
2026-09-07 12:35:00,005930,삼성전자,266750,267000,266750,266750,12637
2026-09-07 12:36:00,005930,삼성전자,266750,267000,266500,266750,27624
2026-09-07 12:37:00,005930,삼성전자,267000,267000,266500,266500,15638
2026-09-07 12:38:00,005930,삼성전자,266500,266750,266500,266500,27330
2026-09-07 12:39:00,005930,삼성전자,266750,267000,266500,266500,21109
2026-09-07 12:40:00,005930,삼성전자,266500,267000,266500,267000,33044
2026-09-07 12:41:00,005930,삼성전자,266500,267000,266500,266500,14365
2026-09-07 12:42:00,005930,삼성전자,266500,266750,266500,266500,24267
2026-09-07 12:43:00,005930,삼성전자,266500,266750,266500,266500,29814
2026-09-07 12:44:00,005930,삼성전자,266500,266750,266500,266500,31022
2026-09-07 12:45:00,005930,삼성전자,266500,267000,266500,266750,29056
2026-09-07 12:46:00,005930,삼성전자,266750,267000,266500,266500,13636
2026-09-07 12:47:00,005930,삼성전자,267000,267000,266500,266500,3431
2026-09-07 12:48:00,005930,삼성전자,266500,267000,266500,267000,16731
2026-09-07 12:49:00,005930,삼성전자,266500,267000,266500,266500,8790
2026-09-07 12:50:00,005930,삼성전자,266500,267000,266500,267000,6957
2026-09-07 12:51:00,005930,삼성전자,266500,267000,266500,266750,20453
2026-09-07 12:52:00,005930,삼성전자,267000,267000,266750,266750,28441
2026-09-07 12:53:00,005930,삼성전자,267000,267000,266750,266750,57345
2026-09-07 12:54:00,005930,삼성전자,266750,267000,266750,266750,50472
2026-09-07 12:55:00,005930,삼성전자,267000,267000,266750,266750,45708
2026-09-07 12:56:00,005930,삼성전자,267000,267000,266750,266750,20091
2026-09-07 12:57:00,005930,삼성전자,266750,267000,266750,266750,20895
2026-09-07 12:58:00,005930,삼성전자,266750,267000,266750,266750,8944
2026-09-07 12:59:00,005930,삼성전자,267000,267500,266750,267000,134688
2026-09-07 13:00:00,005930,삼성전자,267000,267250,267000,267250,22702
2026-09-07 13:01:00,005930,삼성전자,267000,267250,267000,267000,21611
2026-09-07 13:02:00,005930,삼성전자,267250,267250,267000,267000,22685
2026-09-07 13:03:00,005930,삼성전자,267000,267500,267000,267250,15876
2026-09-07 13:04:00,005930,삼성전자,267250,267500,267250,267250,14517
2026-09-07 13:05:00,005930,삼성전자,267250,267500,267000,267500,9157
2026-09-07 13:06:00,005930,삼성전자,267500,267500,267000,267500,22850
2026-09-07 13:07:00,005930,삼성전자,267250,267500,267000,267250,9816
2026-09-07 13:08:00,005930,삼성전자,267250,267500,267250,267250,13997
2026-09-07 13:09:00,005930,삼성전자,267250,267500,267250,267250,6470
2026-09-07 13:10:00,005930,삼성전자,267500,268000,267250,267500,214591
2026-09-07 13:11:00,005930,삼성전자,267500,267750,267500,267500,37251
2026-09-07 13:12:00,005930,삼성전자,267500,268000,267500,267500,104565
2026-09-07 13:13:00,005930,삼성전자,267750,268000,267500,267500,26176
2026-09-07 13:14:00,005930,삼성전자,267750,267750,267500,267500,20295
2026-09-07 13:15:00,005930,삼성전자,267500,268000,267500,267750,22748
2026-09-07 13:16:00,005930,삼성전자,267750,268500,267500,268000,444114
2026-09-07 13:17:00,005930,삼성전자,268000,268500,268000,268000,33058
2026-09-07 13:18:00,005930,삼성전자,268000,268500,267500,268250,87789
2026-09-07 13:19:00,005930,삼성전자,268250,268500,268000,268000,35863
2026-09-07 13:20:00,005930,삼성전자,268250,268500,268000,268000,49206
2026-09-07 13:21:00,005930,삼성전자,268250,268500,267500,268000,101892
2026-09-07 13:22:00,005930,삼성전자,267750,268500,267500,268000,14358
2026-09-07 13:23:00,005930,삼성전자,268000,268000,267750,267750,28439
2026-09-07 13:24:00,005930,삼성전자,268000,268000,267750,268000,9879
2026-09-07 13:25:00,005930,삼성전자,268000,268000,267750,267750,11940
2026-09-07 13:26:00,005930,삼성전자,267750,268000,267750,267750,34903
2026-09-07 13:27:00,005930,삼성전자,268000,268250,267750,268250,97093
2026-09-07 13:28:00,005930,삼성전자,268000,268500,268000,268500,13065
2026-09-07 13:29:00,005930,삼성전자,268500,268500,268250,268500,37511
2026-09-07 13:30:00,005930,삼성전자,268500,269000,268250,268500,276925
2026-09-07 13:31:00,005930,삼성전자,268500,268750,268500,268500,26881
2026-09-07 13:32:00,005930,삼성전자,268500,269000,268250,268500,87680
2026-09-07 13:33:00,005930,삼성전자,268500,269000,268000,268500,41152
2026-09-07 13:34:00,005930,삼성전자,268500,268500,268250,268250,10094
2026-09-07 13:35:00,005930,삼성전자,268500,268500,268000,268000,21002
2026-09-07 13:36:00,005930,삼성전자,268000,268500,268000,268000,11733
2026-09-07 13:37:00,005930,삼성전자,268250,268500,268000,268000,41004
2026-09-07 13:38:00,005930,삼성전자,268000,268250,268000,268000,65858
2026-09-07 13:39:00,005930,삼성전자,268000,268250,268000,268000,33063
2026-09-07 13:40:00,005930,삼성전자,268000,268250,268000,268000,20085
2026-09-07 13:41:00,005930,삼성전자,268000,268500,268000,268000,17720
2026-09-07 13:42:00,005930,삼성전자,268000,268250,267500,267750,120218
2026-09-07 13:43:00,005930,삼성전자,268000,268000,267500,267750,15796
2026-09-07 13:44:00,005930,삼성전자,267750,268000,267750,267750,14416
2026-09-07 13:45:00,005930,삼성전자,267750,268000,267750,267750,25255
2026-09-07 13:46:00,005930,삼성전자,268000,268000,267500,267750,26614
2026-09-07 13:47:00,005930,삼성전자,268000,268000,267750,267750,11244
2026-09-07 13:48:00,005930,삼성전자,268000,268000,267750,267750,32582
2026-09-07 13:49:00,005930,삼성전자,268000,268500,267750,268250,70479
2026-09-07 13:50:00,005930,삼성전자,268250,268500,268250,268250,15815
2026-09-07 13:51:00,005930,삼성전자,268250,268500,268250,268250,58418
2026-09-07 13:52:00,005930,삼성전자,268250,268500,268250,268250,11718
2026-09-07 13:53:00,005930,삼성전자,268250,269000,268250,268500,107787
2026-09-07 13:54:00,005930,삼성전자,268500,269000,268000,268750,109905
2026-09-07 13:55:00,005930,삼성전자,269000,269000,268500,268500,74864
2026-09-07 13:56:00,005930,삼성전자,268500,269000,268000,268500,69423
2026-09-07 13:57:00,005930,삼성전자,268500,269000,268000,268500,40053
2026-09-07 13:58:00,005930,삼성전자,268500,269000,268000,268500,35112
2026-09-07 13:59:00,005930,삼성전자,268500,269000,268500,268500,23647
2026-09-07 14:00:00,005930,삼성전자,268500,268750,268500,268500,24972
2026-09-07 14:01:00,005930,삼성전자,268500,269000,268500,268500,33072
2026-09-07 14:02:00,005930,삼성전자,268500,269000,268000,268250,88722
2026-09-07 14:03:00,005930,삼성전자,268000,268500,268000,268250,30200
2026-09-07 14:04:00,005930,삼성전자,268250,269000,268000,268250,72786
2026-09-07 14:05:00,005930,삼성전자,268500,268500,268000,268500,24576
2026-09-07 14:06:00,005930,삼성전자,268500,268500,268000,268500,11375
2026-09-07 14:07:00,005930,삼성전자,268250,268500,268000,268250,14864
2026-09-07 14:08:00,005930,삼성전자,268250,268250,268000,268000,46209
2026-09-07 14:09:00,005930,삼성전자,268000,268250,268000,268000,74387
2026-09-07 14:10:00,005930,삼성전자,268000,268500,267750,267750,196775
2026-09-07 14:11:00,005930,삼성전자,267750,268000,267750,267750,38539
2026-09-07 14:12:00,005930,삼성전자,268000,268000,267500,267500,37277
2026-09-07 14:13:00,005930,삼성전자,267750,268000,267750,267750,18531
2026-09-07 14:14:00,005930,삼성전자,267750,268000,267750,267750,16833
2026-09-07 14:15:00,005930,삼성전자,267750,268000,267500,267750,18512
2026-09-07 14:16:00,005930,삼성전자,267750,268000,267500,267750,46146
2026-09-07 14:17:00,005930,삼성전자,268000,268500,267750,268500,101789
2026-09-07 14:18:00,005930,삼성전자,268000,268500,268000,268250,32656
2026-09-07 14:19:00,005930,삼성전자,268250,268500,268250,268250,11025
2026-09-07 14:20:00,005930,삼성전자,268250,268500,268250,268500,22029
2026-09-07 14:21:00,005930,삼성전자,268500,268500,268250,268250,18118
2026-09-07 14:22:00,005930,삼성전자,268500,268500,268250,268500,17513
2026-09-07 14:23:00,005930,삼성전자,268500,268500,268250,268500,20104
2026-09-07 14:24:00,005930,삼성전자,268250,269000,268250,268750,175115
2026-09-07 14:25:00,005930,삼성전자,268750,269000,268500,268500,36118
2026-09-07 14:26:00,005930,삼성전자,268750,268750,268500,268500,30825
2026-09-07 14:27:00,005930,삼성전자,268750,268750,268500,268500,34689
2026-09-07 14:28:00,005930,삼성전자,268500,269000,268500,268500,23690
2026-09-07 14:29:00,005930,삼성전자,268500,269500,268500,269000,409316
2026-09-07 14:30:00,005930,삼성전자,269250,269500,269000,269000,65590
2026-09-07 14:31:00,005930,삼성전자,269250,269250,269000,269000,26499
2026-09-07 14:32:00,005930,삼성전자,269000,269250,269000,269000,35111
2026-09-07 14:33:00,005930,삼성전자,269000,269250,269000,269000,24930
2026-09-07 14:34:00,005930,삼성전자,269000,269250,268500,269000,169231
2026-09-07 14:35:00,005930,삼성전자,269250,269500,268500,269000,66072
2026-09-07 14:36:00,005930,삼성전자,269000,269250,269000,269250,29351
2026-09-07 14:37:00,005930,삼성전자,269000,269500,268500,269000,127514
2026-09-07 14:38:00,005930,삼성전자,269000,269500,268500,268750,22295
2026-09-07 14:39:00,005930,삼성전자,269000,269000,268500,268500,11648
2026-09-07 14:40:00,005930,삼성전자,269000,269000,268500,268500,19412
2026-09-07 14:41:00,005930,삼성전자,268500,269000,268500,268750,33058
2026-09-07 14:42:00,005930,삼성전자,268750,269000,268750,268750,17869
2026-09-07 14:43:00,005930,삼성전자,268750,269000,268500,268750,10888
2026-09-07 14:44:00,005930,삼성전자,269000,269500,268750,269000,219831
2026-09-07 14:45:00,005930,삼성전자,269000,269250,269000,269000,39368
2026-09-07 14:46:00,005930,삼성전자,269000,269500,268500,269000,67359
2026-09-07 14:47:00,005930,삼성전자,269000,269000,268750,269000,8763
2026-09-07 14:48:00,005930,삼성전자,269000,269000,268750,269000,16989
2026-09-07 14:49:00,005930,삼성전자,269000,269000,268500,269000,9904
2026-09-07 14:50:00,005930,삼성전자,268500,269000,268500,268500,43654
2026-09-07 14:51:00,005930,삼성전자,268500,268750,268500,268500,32198
2026-09-07 14:52:00,005930,삼성전자,268500,268750,268500,268500,10964
2026-09-07 14:53:00,005930,삼성전자,268500,268750,268500,268750,24513
2026-09-07 14:54:00,005930,삼성전자,268750,269000,268500,268500,51494
2026-09-07 14:55:00,005930,삼성전자,268750,269000,268000,268500,122412
2026-09-07 14:56:00,005930,삼성전자,268500,269000,268000,268500,36134
2026-09-07 14:57:00,005930,삼성전자,268500,269000,268500,268500,14681
2026-09-07 14:58:00,005930,삼성전자,268500,269000,268500,268500,8539
2026-09-07 14:59:00,005930,삼성전자,268500,269000,268500,268750,26411
2026-09-07 15:00:00,005930,삼성전자,268750,269000,268750,268750,40135
2026-09-07 15:01:00,005930,삼성전자,268750,269000,268500,268750,38979
2026-09-07 15:02:00,005930,삼성전자,268750,269000,268500,269000,18451
2026-09-07 15:03:00,005930,삼성전자,268500,269500,268500,269250,297982
2026-09-07 15:04:00,005930,삼성전자,269000,269500,269000,269000,45405
2026-09-07 15:05:00,005930,삼성전자,269500,269500,269000,269000,50526
2026-09-07 15:06:00,005930,삼성전자,269000,269500,269000,269250,97110
2026-09-07 15:07:00,005930,삼성전자,269500,269500,269250,269250,34306
2026-09-07 15:08:00,005930,삼성전자,269250,269500,269250,269500,25932
2026-09-07 15:09:00,005930,삼성전자,269500,269500,269250,269250,48289
2026-09-07 15:10:00,005930,삼성전자,269500,270000,269000,269000,282505
2026-09-07 15:11:00,005930,삼성전자,269250,269500,269000,269000,12414
2026-09-07 15:12:00,005930,삼성전자,269000,269500,269000,269500,17970
2026-09-07 15:13:00,005930,삼성전자,269500,269500,269000,269250,19513
2026-09-07 15:14:00,005930,삼성전자,269000,269500,269000,269500,28944
2026-09-07 15:15:00,005930,삼성전자,269000,269500,269000,269000,31231
2026-09-07 15:16:00,005930,삼성전자,269000,269500,269000,269000,26531
2026-09-07 15:17:00,005930,삼성전자,269000,269500,269000,269500,58878
2026-09-07 15:18:00,005930,삼성전자,269000,269500,269000,269000,79225
2026-09-07 15:19:00,005930,삼성전자,269000,269500,269000,269000,73011
2026-09-07 15:30:00,005930,삼성전자,270000,270000,270000,270000,2259383
2026-09-08 09:00:00,005930,삼성전자,272000,272500,270500,271500,286792
2026-09-08 09:01:00,005930,삼성전자,271750,272000,271000,271750,50803
2026-09-08 09:02:00,005930,삼성전자,271750,272000,270500,270500,67751
2026-09-08 09:03:00,005930,삼성전자,270500,271000,269500,269750,111936
2026-09-08 09:04:00,005930,삼성전자,269500,269750,269000,269250,73971
2026-09-08 09:05:00,005930,삼성전자,269500,270500,269000,269500,115421
2026-09-08 09:06:00,005930,삼성전자,269500,270500,269500,270500,41614
2026-09-08 09:07:00,005930,삼성전자,270000,271000,270000,270500,47427
2026-09-08 09:08:00,005930,삼성전자,270250,271000,269500,270000,89260
2026-09-08 09:09:00,005930,삼성전자,269750,270000,269000,269500,53239
2026-09-08 09:10:00,005930,삼성전자,269500,270500,269500,270250,38745
2026-09-08 09:11:00,005930,삼성전자,270250,270500,270000,270500,19234
2026-09-08 09:12:00,005930,삼성전자,270500,271000,270000,271000,51713
2026-09-08 09:13:00,005930,삼성전자,270500,271500,270500,271500,52899
2026-09-08 09:14:00,005930,삼성전자,271500,272000,271000,271750,69512
2026-09-08 09:15:00,005930,삼성전자,271500,272000,271000,271500,31984
2026-09-08 09:16:00,005930,삼성전자,271250,273000,271000,272500,186695
2026-09-08 09:17:00,005930,삼성전자,272500,273000,272500,273000,85380
2026-09-08 09:18:00,005930,삼성전자,273000,274000,272500,273500,190955
2026-09-08 09:19:00,005930,삼성전자,274000,274000,273000,273750,115860
2026-09-08 09:20:00,005930,삼성전자,273750,274000,273500,274000,42047
2026-09-08 09:21:00,005930,삼성전자,274000,274000,273000,273000,74739
2026-09-08 09:22:00,005930,삼성전자,273000,273500,272500,272500,38788
2026-09-08 09:23:00,005930,삼성전자,273000,273000,272000,272000,63636
2026-09-08 09:24:00,005930,삼성전자,272000,273500,272000,273000,79161
2026-09-08 09:25:00,005930,삼성전자,273000,273500,272500,273000,83821
2026-09-08 09:26:00,005930,삼성전자,272500,273000,272500,272750,27595
2026-09-08 09:27:00,005930,삼성전자,272750,273000,272000,272500,66813
2026-09-08 09:28:00,005930,삼성전자,272500,273500,272000,273250,88166
2026-09-08 09:29:00,005930,삼성전자,273500,274000,273000,274000,88099
2026-09-08 09:30:00,005930,삼성전자,273750,274000,272500,273500,108687
2026-09-08 09:31:00,005930,삼성전자,273500,273500,272500,272500,32717
2026-09-08 09:32:00,005930,삼성전자,272500,273000,272000,272750,61241
2026-09-08 09:33:00,005930,삼성전자,272750,273000,272000,272500,64664
2026-09-08 09:34:00,005930,삼성전자,272500,273000,272000,272000,18563
2026-09-08 09:35:00,005930,삼성전자,272500,272500,272000,272250,17047
2026-09-08 09:36:00,005930,삼성전자,272250,272500,271500,271750,92953
2026-09-08 09:37:00,005930,삼성전자,271500,272500,271500,272000,61603
2026-09-08 09:38:00,005930,삼성전자,272000,272250,271500,271750,33578
2026-09-08 09:39:00,005930,삼성전자,271750,272000,271500,272000,23811
2026-09-08 09:40:00,005930,삼성전자,271500,272500,271500,272000,76926
2026-09-08 09:41:00,005930,삼성전자,272000,272500,271750,271750,52393
2026-09-08 09:42:00,005930,삼성전자,272000,272500,272000,272500,34328
2026-09-08 09:43:00,005930,삼성전자,272500,273000,272000,272500,31904
2026-09-08 09:44:00,005930,삼성전자,272500,273000,272000,272500,42165
2026-09-08 09:45:00,005930,삼성전자,272500,273500,272500,273000,72686
2026-09-08 09:46:00,005930,삼성전자,273000,274500,273000,274250,271706
2026-09-08 09:47:00,005930,삼성전자,274250,274500,274000,274500,54688
2026-09-08 09:48:00,005930,삼성전자,274500,274500,274000,274000,33570
2026-09-08 09:49:00,005930,삼성전자,274250,275000,274000,274500,162376
2026-09-08 09:50:00,005930,삼성전자,274500,275000,274000,274250,70764
2026-09-08 09:51:00,005930,삼성전자,274250,274500,274000,274000,17193
2026-09-08 09:52:00,005930,삼성전자,274250,274500,274000,274250,15459
2026-09-08 09:53:00,005930,삼성전자,274500,274500,274000,274500,12780
2026-09-08 09:54:00,005930,삼성전자,274500,274500,274000,274500,49355
2026-09-08 09:55:00,005930,삼성전자,274500,275000,274000,274500,144409
2026-09-08 09:56:00,005930,삼성전자,274750,275000,274500,274750,100495
2026-09-08 09:57:00,005930,삼성전자,275000,275000,274750,275000,43590
2026-09-08 09:58:00,005930,삼성전자,275000,275000,274500,274500,24582
2026-09-08 09:59:00,005930,삼성전자,274500,274750,274500,274750,14701
2026-09-08 10:00:00,005930,삼성전자,274750,275000,274000,274500,128981
2026-09-08 10:01:00,005930,삼성전자,274500,275000,274000,274250,16867
2026-09-08 10:02:00,005930,삼성전자,274250,274250,273500,273750,77736
2026-09-08 10:03:00,005930,삼성전자,273500,273750,273000,273500,95820
2026-09-08 10:04:00,005930,삼성전자,273250,274000,273000,273750,36958
2026-09-08 10:05:00,005930,삼성전자,273500,274000,273500,273500,17372
2026-09-08 10:06:00,005930,삼성전자,273500,274000,273500,273500,20408
2026-09-08 10:07:00,005930,삼성전자,273500,274000,273500,273750,9638
2026-09-08 10:08:00,005930,삼성전자,274000,274000,273500,274000,17325
2026-09-08 10:09:00,005930,삼성전자,273750,274000,273500,274000,40320
2026-09-08 10:10:00,005930,삼성전자,274000,274500,273500,273500,45193
2026-09-08 10:11:00,005930,삼성전자,273500,274000,273000,273250,68981
2026-09-08 10:12:00,005930,삼성전자,273500,273500,273000,273250,15706
2026-09-08 10:13:00,005930,삼성전자,273250,273500,273000,273250,15847
2026-09-08 10:14:00,005930,삼성전자,273250,274000,273250,273750,32306
2026-09-08 10:15:00,005930,삼성전자,273500,274000,273500,273750,9492
2026-09-08 10:16:00,005930,삼성전자,273500,273750,273000,273000,48317
2026-09-08 10:17:00,005930,삼성전자,273500,274000,273000,273750,57110
2026-09-08 10:18:00,005930,삼성전자,273750,274000,273750,273750,8922
2026-09-08 10:19:00,005930,삼성전자,274000,274000,273500,273750,9682
2026-09-08 10:20:00,005930,삼성전자,273750,274000,273500,273500,7423
2026-09-08 10:21:00,005930,삼성전자,273500,274000,273500,273500,34142
2026-09-08 10:22:00,005930,삼성전자,273500,273750,273000,273250,82377
2026-09-08 10:23:00,005930,삼성전자,273250,274000,273250,273500,43041
2026-09-08 10:24:00,005930,삼성전자,273500,274000,273500,273500,20492
2026-09-08 10:25:00,005930,삼성전자,273500,274000,273500,273750,25616
2026-09-08 10:26:00,005930,삼성전자,273500,274000,273500,274000,47268
2026-09-08 10:27:00,005930,삼성전자,274000,274500,273750,274000,49316
2026-09-08 10:28:00,005930,삼성전자,274000,274250,274000,274000,21048
2026-09-08 10:29:00,005930,삼성전자,274000,274500,274000,274500,27324
2026-09-08 10:30:00,005930,삼성전자,274500,274500,274000,274250,22802
2026-09-08 10:31:00,005930,삼성전자,274000,274500,274000,274500,25397
2026-09-08 10:32:00,005930,삼성전자,274250,274500,274250,274250,19492
2026-09-08 10:33:00,005930,삼성전자,274500,275000,274250,274500,97839
2026-09-08 10:34:00,005930,삼성전자,274500,275000,274500,274500,75152
2026-09-08 10:35:00,005930,삼성전자,274500,275000,274500,274750,64016
2026-09-08 10:36:00,005930,삼성전자,275000,275000,274750,274750,32090
2026-09-08 10:37:00,005930,삼성전자,275000,275000,274500,274750,23599
2026-09-08 10:38:00,005930,삼성전자,274750,275000,274750,274750,40987
2026-09-08 10:39:00,005930,삼성전자,275000,276000,274750,275500,356025
2026-09-08 10:40:00,005930,삼성전자,275750,276000,275000,275500,57764
2026-09-08 10:41:00,005930,삼성전자,275500,276000,275000,275500,60985
2026-09-08 10:42:00,005930,삼성전자,275500,276000,275500,275750,38585
2026-09-08 10:43:00,005930,삼성전자,275750,276500,275750,276250,91724
2026-09-08 10:44:00,005930,삼성전자,276250,276500,276000,276500,35255
2026-09-08 10:45:00,005930,삼성전자,276500,277000,276000,276500,152319
2026-09-08 10:46:00,005930,삼성전자,276750,277000,276000,276500,80542
2026-09-08 10:47:00,005930,삼성전자,276500,276500,276000,276250,36570
2026-09-08 10:48:00,005930,삼성전자,276250,277000,276250,276500,65760
2026-09-08 10:49:00,005930,삼성전자,276500,277000,276500,276750,13443
2026-09-08 10:50:00,005930,삼성전자,276500,276750,276500,276500,15084
2026-09-08 10:51:00,005930,삼성전자,276500,277000,276500,276750,12633
2026-09-08 10:52:00,005930,삼성전자,276750,277000,276500,277000,32665
2026-09-08 10:53:00,005930,삼성전자,276750,277500,276750,277250,194051
2026-09-08 10:54:00,005930,삼성전자,277250,277250,276000,276500,98902
2026-09-08 10:55:00,005930,삼성전자,276000,277000,276000,276500,67377
2026-09-08 10:56:00,005930,삼성전자,276500,277000,276500,277000,31220
2026-09-08 10:57:00,005930,삼성전자,277000,277500,276750,277250,77483
2026-09-08 10:58:00,005930,삼성전자,277250,277500,277000,277250,14354
2026-09-08 10:59:00,005930,삼성전자,277250,277250,276500,276750,85327
2026-09-08 11:00:00,005930,삼성전자,276750,277000,276000,276500,129113
2026-09-08 11:01:00,005930,삼성전자,276000,277000,276000,276500,52035
2026-09-08 11:02:00,005930,삼성전자,276500,276750,276000,276000,43320
2026-09-08 11:03:00,005930,삼성전자,276250,277000,276000,277000,66236
2026-09-08 11:04:00,005930,삼성전자,277000,277000,276000,276500,95408
2026-09-08 11:05:00,005930,삼성전자,276500,276750,276000,276000,36497
2026-09-08 11:06:00,005930,삼성전자,276500,277000,276000,276500,68802
2026-09-08 11:07:00,005930,삼성전자,276750,277000,276000,276500,130446
2026-09-08 11:08:00,005930,삼성전자,276500,277000,276000,276000,24018
2026-09-08 11:09:00,005930,삼성전자,276000,276500,276000,276250,12342
2026-09-08 11:10:00,005930,삼성전자,276000,276500,276000,276250,22891
2026-09-08 11:11:00,005930,삼성전자,276250,277000,276000,276500,83077
2026-09-08 11:12:00,005930,삼성전자,276500,277000,276500,276500,19081
2026-09-08 11:13:00,005930,삼성전자,276500,277000,276500,276750,70662
2026-09-08 11:14:00,005930,삼성전자,276750,277000,276500,277000,27170
2026-09-08 11:15:00,005930,삼성전자,276750,277500,276500,277000,135467
2026-09-08 11:16:00,005930,삼성전자,277000,277500,276750,277000,45247
2026-09-08 11:17:00,005930,삼성전자,277000,277500,276500,277250,62198
2026-09-08 11:18:00,005930,삼성전자,277250,277500,276500,277000,20957
2026-09-08 11:19:00,005930,삼성전자,277000,277000,276500,276500,8844
2026-09-08 11:20:00,005930,삼성전자,276500,277000,276500,277000,10991
2026-09-08 11:21:00,005930,삼성전자,276500,277000,276500,277000,17908
2026-09-08 11:22:00,005930,삼성전자,276500,277000,276000,276500,124078
2026-09-08 11:23:00,005930,삼성전자,276500,277000,276500,277000,5720
2026-09-08 11:24:00,005930,삼성전자,277000,277000,276500,276750,18648
2026-09-08 11:25:00,005930,삼성전자,276750,276750,276500,276500,5076
2026-09-08 11:26:00,005930,삼성전자,276750,277000,276500,276500,5760
2026-09-08 11:27:00,005930,삼성전자,276750,277000,276500,276750,7087
2026-09-08 11:28:00,005930,삼성전자,276750,277000,276500,276750,14543
2026-09-08 11:29:00,005930,삼성전자,277000,277000,276500,276500,17227
2026-09-08 11:30:00,005930,삼성전자,276750,277000,276500,276750,36048
2026-09-08 11:31:00,005930,삼성전자,277000,277500,276750,277250,79562
2026-09-08 11:32:00,005930,삼성전자,277000,277500,277000,277000,95918
2026-09-08 11:33:00,005930,삼성전자,277500,277500,277000,277500,10010
2026-09-08 11:34:00,005930,삼성전자,277000,277500,277000,277500,10502
2026-09-08 11:35:00,005930,삼성전자,277500,278000,277000,277250,159476
2026-09-08 11:36:00,005930,삼성전자,277500,278000,277250,277500,59914
2026-09-08 11:37:00,005930,삼성전자,277750,277750,277000,277500,61880
2026-09-08 11:38:00,005930,삼성전자,277500,277500,277250,277250,10984
2026-09-08 11:39:00,005930,삼성전자,277250,277500,277000,277000,17354
2026-09-08 11:40:00,005930,삼성전자,277500,277500,277000,277000,9170
2026-09-08 11:41:00,005930,삼성전자,277500,277500,276500,277000,163214
2026-09-08 11:42:00,005930,삼성전자,277000,277500,276500,276750,74811
2026-09-08 11:43:00,005930,삼성전자,276750,277000,276000,276500,159584
2026-09-08 11:44:00,005930,삼성전자,276500,277000,276000,276000,65184
2026-09-08 11:45:00,005930,삼성전자,276250,277000,276000,276500,49304
2026-09-08 11:46:00,005930,삼성전자,276500,277000,276000,276500,41365
2026-09-08 11:47:00,005930,삼성전자,276500,277000,276500,276500,21692
2026-09-08 11:48:00,005930,삼성전자,276750,277000,276000,277000,53391
2026-09-08 11:49:00,005930,삼성전자,276500,277000,276000,276500,29592
2026-09-08 11:50:00,005930,삼성전자,276500,277000,276500,277000,9466
2026-09-08 11:51:00,005930,삼성전자,277000,277000,276000,276750,43622
2026-09-08 11:52:00,005930,삼성전자,276750,277000,276000,276500,34531
2026-09-08 11:53:00,005930,삼성전자,276500,276500,276000,276500,19409
2026-09-08 11:54:00,005930,삼성전자,276500,276500,276000,276500,27217
2026-09-08 11:55:00,005930,삼성전자,276250,277000,276000,276000,58407
2026-09-08 11:56:00,005930,삼성전자,276500,277000,276000,276250,11485
2026-09-08 11:57:00,005930,삼성전자,276250,277000,276000,276000,25843
2026-09-08 11:58:00,005930,삼성전자,276250,277000,276000,276250,25089
2026-09-08 11:59:00,005930,삼성전자,276500,276500,276000,276500,16782
2026-09-08 12:00:00,005930,삼성전자,276250,277000,276000,276500,35841
2026-09-08 12:01:00,005930,삼성전자,276750,277000,276500,276500,14015
2026-09-08 12:02:00,005930,삼성전자,276500,277000,276500,276500,11242
2026-09-08 12:03:00,005930,삼성전자,276500,277000,276500,277000,6981
2026-09-08 12:04:00,005930,삼성전자,277000,277000,276500,276500,9535
2026-09-08 12:05:00,005930,삼성전자,276750,277000,276500,276750,7715
2026-09-08 12:06:00,005930,삼성전자,277000,277000,276750,276750,8661
2026-09-08 12:07:00,005930,삼성전자,277000,277000,276500,277000,10215
2026-09-08 12:08:00,005930,삼성전자,276750,277000,276500,277000,8020
2026-09-08 12:09:00,005930,삼성전자,277000,277500,276500,277000,170956
2026-09-08 12:10:00,005930,삼성전자,277000,277500,277000,277000,30389
2026-09-08 12:11:00,005930,삼성전자,277000,277250,277000,277000,13034
2026-09-08 12:12:00,005930,삼성전자,277000,277500,277000,277250,26953
2026-09-08 12:13:00,005930,삼성전자,277000,277250,277000,277250,7546
2026-09-08 12:14:00,005930,삼성전자,277000,277250,277000,277000,4647
2026-09-08 12:15:00,005930,삼성전자,277000,277500,277000,277000,9412
2026-09-08 12:16:00,005930,삼성전자,277500,277500,277000,277500,144658
2026-09-08 12:17:00,005930,삼성전자,277500,278000,277250,277500,67705
2026-09-08 12:18:00,005930,삼성전자,277500,278000,277000,277500,72593
2026-09-08 12:19:00,005930,삼성전자,277500,278000,277000,277500,187472
2026-09-08 12:20:00,005930,삼성전자,277500,277750,277500,277500,16141
2026-09-08 12:21:00,005930,삼성전자,277500,278000,277500,277750,19715
2026-09-08 12:22:00,005930,삼성전자,277750,278000,277250,277500,45373
2026-09-08 12:23:00,005930,삼성전자,277750,278000,277250,277500,58933
2026-09-08 12:24:00,005930,삼성전자,277500,278000,277500,277500,40937
2026-09-08 12:25:00,005930,삼성전자,277500,278000,277000,277500,68968
2026-09-08 12:26:00,005930,삼성전자,277500,278000,277500,277750,63716
2026-09-08 12:27:00,005930,삼성전자,277750,278000,277500,277750,144377
2026-09-08 12:28:00,005930,삼성전자,278000,278500,277500,278000,209055
2026-09-08 12:29:00,005930,삼성전자,278500,278500,278000,278000,95073
2026-09-08 12:30:00,005930,삼성전자,278000,278500,277750,278000,77474
2026-09-08 12:31:00,005930,삼성전자,278000,279000,278000,278500,102322
2026-09-08 12:32:00,005930,삼성전자,278500,278750,278000,278000,42254
2026-09-08 12:33:00,005930,삼성전자,278250,278250,277500,277500,46081
2026-09-08 12:34:00,005930,삼성전자,277500,277750,277500,277500,5927
2026-09-08 12:35:00,005930,삼성전자,277750,278000,277500,277500,16935
2026-09-08 12:36:00,005930,삼성전자,277750,278500,277500,278000,47509
2026-09-08 12:37:00,005930,삼성전자,278000,278250,278000,278000,17994
2026-09-08 12:38:00,005930,삼성전자,278000,278250,278000,278000,14754
2026-09-08 12:39:00,005930,삼성전자,278000,278500,278000,278500,6494
2026-09-08 12:40:00,005930,삼성전자,278250,278500,278000,278500,9105
2026-09-08 12:41:00,005930,삼성전자,278250,278500,278000,278500,8652
2026-09-08 12:42:00,005930,삼성전자,278500,278500,278250,278250,21025
2026-09-08 12:43:00,005930,삼성전자,278250,278500,278000,278000,8744
2026-09-08 12:44:00,005930,삼성전자,278500,278500,278000,278250,13581
2026-09-08 12:45:00,005930,삼성전자,278000,278500,278000,278000,13532
2026-09-08 12:46:00,005930,삼성전자,278250,278500,278000,278250,7262
2026-09-08 12:47:00,005930,삼성전자,278250,278500,278000,278000,15944
2026-09-08 12:48:00,005930,삼성전자,278500,278500,278000,278250,35163
2026-09-08 12:49:00,005930,삼성전자,278250,278500,278000,278500,11027
2026-09-08 12:50:00,005930,삼성전자,278000,278500,278000,278500,21137
2026-09-08 12:51:00,005930,삼성전자,278250,278500,278000,278500,48531
2026-09-08 12:52:00,005930,삼성전자,278500,278500,278250,278500,21347
2026-09-08 12:53:00,005930,삼성전자,278500,278500,278000,278250,20256
2026-09-08 12:54:00,005930,삼성전자,278500,278500,278250,278500,17705
2026-09-08 12:55:00,005930,삼성전자,278250,278500,278250,278250,17399
2026-09-08 12:56:00,005930,삼성전자,278500,278500,278000,278000,32500
2026-09-08 12:57:00,005930,삼성전자,278250,278500,278000,278250,21977
2026-09-08 12:58:00,005930,삼성전자,278500,278500,278000,278250,10988
2026-09-08 12:59:00,005930,삼성전자,278500,279000,278000,278500,214493
2026-09-08 13:00:00,005930,삼성전자,278750,278750,278500,278500,60107
2026-09-08 13:01:00,005930,삼성전자,278750,278750,278000,278250,43191
2026-09-08 13:02:00,005930,삼성전자,278250,278500,278000,278500,28070
2026-09-08 13:03:00,005930,삼성전자,278000,278500,278000,278250,11844
2026-09-08 13:04:00,005930,삼성전자,278500,278500,278250,278250,10116
2026-09-08 13:05:00,005930,삼성전자,278500,279000,278250,278500,94154
2026-09-08 13:06:00,005930,삼성전자,278500,279000,278500,278500,26976
2026-09-08 13:07:00,005930,삼성전자,279000,279000,278500,279000,15660
2026-09-08 13:08:00,005930,삼성전자,279000,279000,278500,278500,35362
2026-09-08 13:09:00,005930,삼성전자,278500,279000,278000,278500,131554
2026-09-08 13:10:00,005930,삼성전자,278500,278500,278250,278250,10682
2026-09-08 13:11:00,005930,삼성전자,278500,278500,278250,278250,10634
2026-09-08 13:12:00,005930,삼성전자,278500,278500,278250,278250,11405
2026-09-08 13:13:00,005930,삼성전자,278500,279000,278250,278750,57917
2026-09-08 13:14:00,005930,삼성전자,278750,279000,278500,278500,16399
2026-09-08 13:15:00,005930,삼성전자,278500,279000,278500,278750,36473
2026-09-08 13:16:00,005930,삼성전자,278500,278750,278000,278250,59292
2026-09-08 13:17:00,005930,삼성전자,278250,278500,278000,278000,30685
2026-09-08 13:18:00,005930,삼성전자,278000,278500,278000,278250,31944
2026-09-08 13:19:00,005930,삼성전자,278250,278500,278250,278250,14668
2026-09-08 13:20:00,005930,삼성전자,278500,279000,278250,278500,57532
2026-09-08 13:21:00,005930,삼성전자,278750,278750,278500,278750,12285
2026-09-08 13:22:00,005930,삼성전자,278750,278750,278500,278500,18247
2026-09-08 13:23:00,005930,삼성전자,278500,278750,278500,278750,58673
2026-09-08 13:24:00,005930,삼성전자,278750,278750,278000,278250,55876
2026-09-08 13:25:00,005930,삼성전자,278500,278500,278250,278500,17173
2026-09-08 13:26:00,005930,삼성전자,278500,279000,278250,278750,51410
2026-09-08 13:27:00,005930,삼성전자,278750,279000,278500,278750,24505
2026-09-08 13:28:00,005930,삼성전자,278750,278750,278500,278500,9005
2026-09-08 13:29:00,005930,삼성전자,278750,278750,278500,278750,40989
2026-09-08 13:30:00,005930,삼성전자,278500,278750,278000,278250,68310
2026-09-08 13:31:00,005930,삼성전자,278250,278250,278000,278250,18917
2026-09-08 13:32:00,005930,삼성전자,278000,278250,277500,278000,123926
2026-09-08 13:33:00,005930,삼성전자,277750,278000,277500,277750,16744
2026-09-08 13:34:00,005930,삼성전자,277500,277750,277000,277500,85212
2026-09-08 13:35:00,005930,삼성전자,277000,277500,276500,277000,82661
2026-09-08 13:36:00,005930,삼성전자,277000,277000,276500,276500,41735
2026-09-08 13:37:00,005930,삼성전자,276500,277000,276500,277000,39003
2026-09-08 13:38:00,005930,삼성전자,276500,277500,276500,277250,54011
2026-09-08 13:39:00,005930,삼성전자,277500,278000,277000,277750,44938
2026-09-08 13:40:00,005930,삼성전자,277750,277750,277000,277250,62223
2026-09-08 13:41:00,005930,삼성전자,277250,278000,277000,277750,49486
2026-09-08 13:42:00,005930,삼성전자,277750,277750,277000,277000,22996
2026-09-08 13:43:00,005930,삼성전자,277000,278000,277000,277750,40325
2026-09-08 13:44:00,005930,삼성전자,277750,278000,277500,277750,18161
2026-09-08 13:45:00,005930,삼성전자,278000,278000,277500,278000,19809
2026-09-08 13:46:00,005930,삼성전자,278000,278000,277750,277750,20366
2026-09-08 13:47:00,005930,삼성전자,278000,278000,277500,278000,45581
2026-09-08 13:48:00,005930,삼성전자,277750,278000,277500,277750,19210
2026-09-08 13:49:00,005930,삼성전자,277500,278000,277500,278000,17858
2026-09-08 13:50:00,005930,삼성전자,278000,278000,277500,277500,19003
2026-09-08 13:51:00,005930,삼성전자,277750,277750,277000,277250,149870
2026-09-08 13:52:00,005930,삼성전자,277000,277250,276500,276500,62166
2026-09-08 13:53:00,005930,삼성전자,277000,277000,276000,276500,54198
2026-09-08 13:54:00,005930,삼성전자,276000,276500,276000,276500,23696
2026-09-08 13:55:00,005930,삼성전자,276000,276500,275500,276000,76877
2026-09-08 13:56:00,005930,삼성전자,275750,276500,275500,275500,69799
2026-09-08 13:57:00,005930,삼성전자,275500,276500,275500,276500,92524
2026-09-08 13:58:00,005930,삼성전자,276250,276500,275500,276250,73863
2026-09-08 13:59:00,005930,삼성전자,276250,276500,275500,276000,60627
2026-09-08 14:00:00,005930,삼성전자,275750,276000,275000,275250,70266
2026-09-08 14:01:00,005930,삼성전자,275250,275500,275000,275500,40481
2026-09-08 14:02:00,005930,삼성전자,275500,275500,275000,275000,121240
2026-09-08 14:03:00,005930,삼성전자,275250,276000,275000,276000,111609
2026-09-08 14:04:00,005930,삼성전자,276000,276000,275000,275500,50428
2026-09-08 14:05:00,005930,삼성전자,275000,275500,275000,275500,50297
2026-09-08 14:06:00,005930,삼성전자,275500,275500,274500,275000,63790
2026-09-08 14:07:00,005930,삼성전자,274500,275000,274500,275000,49885
2026-09-08 14:08:00,005930,삼성전자,275000,275000,274000,274000,81288
2026-09-08 14:09:00,005930,삼성전자,274000,274500,273500,273500,128261
2026-09-08 14:10:00,005930,삼성전자,273500,274000,273500,273500,72535
2026-09-08 14:11:00,005930,삼성전자,273500,274500,273500,274500,121495
2026-09-08 14:12:00,005930,삼성전자,274000,274500,274000,274000,32749
2026-09-08 14:13:00,005930,삼성전자,274000,275000,274000,275000,89878
2026-09-08 14:14:00,005930,삼성전자,274500,275500,274500,274500,53325
2026-09-08 14:15:00,005930,삼성전자,274750,274750,274500,274750,21388
2026-09-08 14:16:00,005930,삼성전자,274500,275500,274500,275000,78471
2026-09-08 14:17:00,005930,삼성전자,275000,275500,274500,275500,53372
2026-09-08 14:18:00,005930,삼성전자,275250,276000,275000,275500,67771
2026-09-08 14:19:00,005930,삼성전자,275750,275750,275000,275250,59984
2026-09-08 14:20:00,005930,삼성전자,275500,276000,275000,275750,51985
2026-09-08 14:21:00,005930,삼성전자,275750,276500,275750,276000,60139
2026-09-08 14:22:00,005930,삼성전자,276250,276500,275500,275750,55665
2026-09-08 14:23:00,005930,삼성전자,275750,276000,275000,275500,68875
2026-09-08 14:24:00,005930,삼성전자,275000,276000,275000,275500,43947
2026-09-08 14:25:00,005930,삼성전자,275500,276000,275500,275750,24626
2026-09-08 14:26:00,005930,삼성전자,275500,276000,275000,276000,73848
2026-09-08 14:27:00,005930,삼성전자,275500,276000,275000,275000,42476
2026-09-08 14:28:00,005930,삼성전자,275250,275500,274500,274500,47792
2026-09-08 14:29:00,005930,삼성전자,274500,275000,274250,274500,56269
2026-09-08 14:30:00,005930,삼성전자,274500,275000,274000,274500,59620
2026-09-08 14:31:00,005930,삼성전자,274500,275000,274000,274250,44587
2026-09-08 14:32:00,005930,삼성전자,274250,274500,274000,274000,34687
2026-09-08 14:33:00,005930,삼성전자,274000,274500,273000,273000,90975
2026-09-08 14:34:00,005930,삼성전자,273250,273500,272500,273000,93837
2026-09-08 14:35:00,005930,삼성전자,272750,273500,272500,273000,88387
2026-09-08 14:36:00,005930,삼성전자,273250,273500,272500,273000,95008
2026-09-08 14:37:00,005930,삼성전자,273000,273500,273000,273000,46966
2026-09-08 14:38:00,005930,삼성전자,273250,273500,273000,273250,39494
2026-09-08 14:39:00,005930,삼성전자,273500,274000,273250,274000,50204
2026-09-08 14:40:00,005930,삼성전자,274000,274500,273500,274000,50779
2026-09-08 14:41:00,005930,삼성전자,273750,274000,273500,273500,30073
2026-09-08 14:42:00,005930,삼성전자,273500,274000,273000,274000,84038
2026-09-08 14:43:00,005930,삼성전자,273500,274000,272500,273000,67795
2026-09-08 14:44:00,005930,삼성전자,272500,273500,272500,272750,45345
2026-09-08 14:45:00,005930,삼성전자,272750,273500,272500,273000,64252
2026-09-08 14:46:00,005930,삼성전자,273250,273500,273000,273000,36447
2026-09-08 14:47:00,005930,삼성전자,273000,273500,273000,273000,18877
2026-09-08 14:48:00,005930,삼성전자,273500,274000,273000,273750,50773
2026-09-08 14:49:00,005930,삼성전자,273500,274000,273500,274000,22548
2026-09-08 14:50:00,005930,삼성전자,273500,274000,272500,272500,144013
2026-09-08 14:51:00,005930,삼성전자,272750,272750,272000,272500,60947
2026-09-08 14:52:00,005930,삼성전자,272000,272500,271000,271500,115671
2026-09-08 14:53:00,005930,삼성전자,271000,272500,271000,272000,105836
2026-09-08 14:54:00,005930,삼성전자,272000,273000,271500,271500,100717
2026-09-08 14:55:00,005930,삼성전자,271500,273000,271500,272250,88261
2026-09-08 14:56:00,005930,삼성전자,272500,273000,272000,272000,55171
2026-09-08 14:57:00,005930,삼성전자,272000,273000,272000,272500,45403
2026-09-08 14:58:00,005930,삼성전자,272500,273000,272500,272500,50064
2026-09-08 14:59:00,005930,삼성전자,272500,273000,271500,272000,81900
2026-09-08 15:00:00,005930,삼성전자,271500,272000,271500,271500,43429
2026-09-08 15:01:00,005930,삼성전자,272000,272000,271000,272000,141684
2026-09-08 15:02:00,005930,삼성전자,271500,272000,271000,271250,80381
2026-09-08 15:03:00,005930,삼성전자,271000,271500,270500,271000,163656
2026-09-08 15:04:00,005930,삼성전자,270500,271000,270500,270500,60828
2026-09-08 15:05:00,005930,삼성전자,270500,271000,270000,270500,137882
2026-09-08 15:06:00,005930,삼성전자,270500,271000,270000,270500,146191
2026-09-08 15:07:00,005930,삼성전자,270500,271000,270500,270750,23783
2026-09-08 15:08:00,005930,삼성전자,270750,271500,270750,271250,71304
2026-09-08 15:09:00,005930,삼성전자,271250,271500,270500,270750,77359
2026-09-08 15:10:00,005930,삼성전자,270500,271000,270000,270500,100511
2026-09-08 15:11:00,005930,삼성전자,270500,271000,270000,270250,53791
2026-09-08 15:12:00,005930,삼성전자,270500,271000,270000,270000,64219
2026-09-08 15:13:00,005930,삼성전자,270250,271000,270000,270500,98680
2026-09-08 15:14:00,005930,삼성전자,270250,271000,270000,271000,49667
2026-09-08 15:15:00,005930,삼성전자,271000,271000,270500,270750,59796
2026-09-08 15:16:00,005930,삼성전자,270500,271000,270000,270500,67303
2026-09-08 15:17:00,005930,삼성전자,270250,270750,270000,270000,66587
2026-09-08 15:18:00,005930,삼성전자,270250,270250,269500,269750,111377
2026-09-08 15:19:00,005930,삼성전자,269500,270000,269000,269500,140502
2026-09-08 15:30:00,005930,삼성전자,269500,269500,269500,269500,1335938
2026-09-09 09:00:00,005930,삼성전자,269500,269500,268500,269500,585486
2026-09-09 09:01:00,005930,삼성전자,269500,270000,269000,269500,176655
2026-09-09 09:02:00,005930,삼성전자,269000,270000,268500,269500,83838
2026-09-09 09:03:00,005930,삼성전자,269500,270000,269000,269000,70111
2026-09-09 09:04:00,005930,삼성전자,269000,269500,268500,269250,83883
2026-09-09 09:05:00,005930,삼성전자,269250,269500,268500,269500,138402
2026-09-09 09:06:00,005930,삼성전자,269500,270000,268500,269000,122687
2026-09-09 09:07:00,005930,삼성전자,268500,270000,268500,269750,86500
2026-09-09 09:08:00,005930,삼성전자,269750,270000,269500,270000,45760
2026-09-09 09:09:00,005930,삼성전자,269500,270500,269500,269750,73584
2026-09-09 09:10:00,005930,삼성전자,269750,270000,269000,269250,91382
2026-09-09 09:11:00,005930,삼성전자,269000,270000,269000,270000,51965
2026-09-09 09:12:00,005930,삼성전자,270000,271000,269750,270750,44831
2026-09-09 09:13:00,005930,삼성전자,270500,271000,270000,271000,76193
2026-09-09 09:14:00,005930,삼성전자,270500,271500,270500,271000,53391
2026-09-09 09:15:00,005930,삼성전자,271500,271500,270500,270500,50917
2026-09-09 09:16:00,005930,삼성전자,271000,271250,270500,271000,41579
2026-09-09 09:17:00,005930,삼성전자,270750,271500,270500,270500,69390
2026-09-09 09:18:00,005930,삼성전자,271000,271500,270500,271000,61248
2026-09-09 09:19:00,005930,삼성전자,271500,272000,271000,272000,104057
2026-09-09 09:20:00,005930,삼성전자,271500,271750,270500,271000,83176
2026-09-09 09:21:00,005930,삼성전자,271000,271500,270500,271250,45231
2026-09-09 09:22:00,005930,삼성전자,271250,272000,271000,271000,83103
2026-09-09 09:23:00,005930,삼성전자,271250,271500,270500,270750,54235
2026-09-09 09:24:00,005930,삼성전자,270750,271000,270500,270750,38345
2026-09-09 09:25:00,005930,삼성전자,270750,270750,269500,270000,102640
2026-09-09 09:26:00,005930,삼성전자,270000,270500,269500,269500,47227
2026-09-09 09:27:00,005930,삼성전자,269500,270000,269500,270000,26794
2026-09-09 09:28:00,005930,삼성전자,270000,270000,269500,269750,12676
2026-09-09 09:29:00,005930,삼성전자,270000,270000,269500,269500,38699
2026-09-09 09:30:00,005930,삼성전자,269750,270500,269500,270000,50872
2026-09-09 09:31:00,005930,삼성전자,270000,270250,269000,269500,114761
2026-09-09 09:32:00,005930,삼성전자,269500,270000,269000,270000,46124
2026-09-09 09:33:00,005930,삼성전자,270000,270000,269500,270000,9653
2026-09-09 09:34:00,005930,삼성전자,269500,270500,269500,270000,55182
2026-09-09 09:35:00,005930,삼성전자,269750,270000,269000,269250,36389
2026-09-09 09:36:00,005930,삼성전자,269250,269500,269000,269500,16265
2026-09-09 09:37:00,005930,삼성전자,269250,270000,269000,269500,60747
2026-09-09 09:38:00,005930,삼성전자,269500,270500,269250,270000,79324
2026-09-09 09:39:00,005930,삼성전자,269750,271000,269750,270500,37842
2026-09-09 09:40:00,005930,삼성전자,270750,271000,270000,270500,53390
2026-09-09 09:41:00,005930,삼성전자,270250,270500,269500,270250,59717
2026-09-09 09:42:00,005930,삼성전자,270500,271000,270000,270000,26394
2026-09-09 09:43:00,005930,삼성전자,270000,271000,270000,270750,20715
2026-09-09 09:44:00,005930,삼성전자,270750,271500,270500,271250,40851
2026-09-09 09:45:00,005930,삼성전자,271250,271500,271000,271250,15312
2026-09-09 09:46:00,005930,삼성전자,271250,271250,270500,271000,46518
2026-09-09 09:47:00,005930,삼성전자,271000,271500,270500,271000,26858
2026-09-09 09:48:00,005930,삼성전자,271000,271500,270000,270750,72120
2026-09-09 09:49:00,005930,삼성전자,270750,271000,270000,271000,29683
2026-09-09 09:50:00,005930,삼성전자,271000,271500,270500,271250,23794
2026-09-09 09:51:00,005930,삼성전자,271250,272000,271000,271750,75215
2026-09-09 09:52:00,005930,삼성전자,271500,273000,271500,272500,108317
2026-09-09 09:53:00,005930,삼성전자,273000,273000,272500,272750,34233
2026-09-09 09:54:00,005930,삼성전자,272500,273000,272500,273000,11885
2026-09-09 09:55:00,005930,삼성전자,272750,273000,272500,272750,16124
2026-09-09 09:56:00,005930,삼성전자,272750,273000,272500,272750,20951
2026-09-09 09:57:00,005930,삼성전자,272750,273000,272000,272500,101217
2026-09-09 09:58:00,005930,삼성전자,272500,272500,272000,272250,47057
2026-09-09 09:59:00,005930,삼성전자,272500,272500,272000,272250,28693
2026-09-09 10:00:00,005930,삼성전자,272500,273000,272000,272500,37918
2026-09-09 10:01:00,005930,삼성전자,272750,272750,271500,271750,94692
2026-09-09 10:02:00,005930,삼성전자,272000,272500,272000,272500,23106
2026-09-09 10:03:00,005930,삼성전자,272250,272500,272250,272500,9365
2026-09-09 10:04:00,005930,삼성전자,272250,272500,272000,272500,22260
2026-09-09 10:05:00,005930,삼성전자,272250,273000,272000,272000,65836
2026-09-09 10:06:00,005930,삼성전자,272500,273000,272000,272750,63418
2026-09-09 10:07:00,005930,삼성전자,272750,273000,272500,272750,32302
2026-09-09 10:08:00,005930,삼성전자,272500,273000,272500,272750,6326
2026-09-09 10:09:00,005930,삼성전자,273000,273000,272500,272750,11621
2026-09-09 10:10:00,005930,삼성전자,273000,273500,272500,272750,150000
2026-09-09 10:11:00,005930,삼성전자,272750,273000,272500,272750,13976
2026-09-09 10:12:00,005930,삼성전자,272500,273000,272000,272500,84589
2026-09-09 10:13:00,005930,삼성전자,272500,273000,272000,272750,57333
2026-09-09 10:14:00,005930,삼성전자,272750,272750,272000,272250,32203
2026-09-09 10:15:00,005930,삼성전자,272250,272500,272000,272500,10871
2026-09-09 10:16:00,005930,삼성전자,272500,272500,272000,272500,7807
2026-09-09 10:17:00,005930,삼성전자,272250,272500,272000,272500,14350
2026-09-09 10:18:00,005930,삼성전자,272500,272500,272000,272000,33944
2026-09-09 10:19:00,005930,삼성전자,272000,272500,272000,272500,3876
2026-09-09 10:20:00,005930,삼성전자,272500,273000,272000,273000,52972
2026-09-09 10:21:00,005930,삼성전자,273000,273500,272500,272750,65672
2026-09-09 10:22:00,005930,삼성전자,272750,273000,272000,272500,57769
2026-09-09 10:23:00,005930,삼성전자,272500,273000,272000,272500,41527
2026-09-09 10:24:00,005930,삼성전자,272500,273000,272500,272500,6931
2026-09-09 10:25:00,005930,삼성전자,273000,273500,272500,273250,58942
2026-09-09 10:26:00,005930,삼성전자,273000,273500,273000,273500,7673
2026-09-09 10:27:00,005930,삼성전자,273500,273500,273000,273250,17106
2026-09-09 10:28:00,005930,삼성전자,273250,273500,273000,273500,31666
2026-09-09 10:29:00,005930,삼성전자,273500,273500,273000,273250,9016
2026-09-09 10:30:00,005930,삼성전자,273250,273500,272500,273250,126842
2026-09-09 10:31:00,005930,삼성전자,273000,273250,273000,273250,29124
2026-09-09 10:32:00,005930,삼성전자,273000,273500,273000,273250,28179
2026-09-09 10:33:00,005930,삼성전자,273000,273500,273000,273500,16473
2026-09-09 10:34:00,005930,삼성전자,273250,274000,273000,273750,117285
2026-09-09 10:35:00,005930,삼성전자,273500,274000,273000,273250,34291
2026-09-09 10:36:00,005930,삼성전자,273500,273500,273000,273000,6274
2026-09-09 10:37:00,005930,삼성전자,273500,273500,273000,273000,5859
2026-09-09 10:38:00,005930,삼성전자,273000,273250,273000,273250,16033
2026-09-09 10:39:00,005930,삼성전자,273250,273250,273000,273250,12248
2026-09-09 10:40:00,005930,삼성전자,273000,273500,273000,273250,21625
2026-09-09 10:41:00,005930,삼성전자,273000,273250,273000,273250,10842
2026-09-09 10:42:00,005930,삼성전자,273000,273250,273000,273000,13471
2026-09-09 10:43:00,005930,삼성전자,273250,273250,273000,273250,10832
2026-09-09 10:44:00,005930,삼성전자,273000,273250,272500,272500,64984
2026-09-09 10:45:00,005930,삼성전자,272500,273000,272000,272750,81084
2026-09-09 10:46:00,005930,삼성전자,272500,272750,272000,272500,26972
2026-09-09 10:47:00,005930,삼성전자,272250,272500,272000,272000,23958
2026-09-09 10:48:00,005930,삼성전자,272000,272500,272000,272000,8169
2026-09-09 10:49:00,005930,삼성전자,272250,273000,272000,273000,28785
2026-09-09 10:50:00,005930,삼성전자,272750,273000,272500,273000,15557
2026-09-09 10:51:00,005930,삼성전자,273000,273000,272000,272250,61688
2026-09-09 10:52:00,005930,삼성전자,272250,272250,271500,272000,62000
2026-09-09 10:53:00,005930,삼성전자,271750,272500,271500,272250,41717
2026-09-09 10:54:00,005930,삼성전자,272250,272250,272000,272250,24245
2026-09-09 10:55:00,005930,삼성전자,272000,272250,272000,272250,14143
2026-09-09 10:56:00,005930,삼성전자,272250,273000,272000,272500,39438
2026-09-09 10:57:00,005930,삼성전자,272500,272750,272500,272500,10248
2026-09-09 10:58:00,005930,삼성전자,272750,272750,272500,272750,6376
2026-09-09 10:59:00,005930,삼성전자,272500,273000,272500,272750,11173
2026-09-09 11:00:00,005930,삼성전자,273000,273500,272500,273000,81139
2026-09-09 11:01:00,005930,삼성전자,273250,274000,273000,273500,105828
2026-09-09 11:02:00,005930,삼성전자,273500,274000,273000,273750,38607
2026-09-09 11:03:00,005930,삼성전자,273500,274000,273000,273500,75254
2026-09-09 11:04:00,005930,삼성전자,273750,274000,273000,273500,40730
2026-09-09 11:05:00,005930,삼성전자,273500,273750,273000,273000,22546
2026-09-09 11:06:00,005930,삼성전자,273250,274000,273000,273500,35860
2026-09-09 11:07:00,005930,삼성전자,273500,273500,273000,273000,8956
2026-09-09 11:08:00,005930,삼성전자,273000,274000,273000,273750,27835
2026-09-09 11:09:00,005930,삼성전자,273750,274000,273500,273500,20095
2026-09-09 11:10:00,005930,삼성전자,273750,274500,273500,274250,189492
2026-09-09 11:11:00,005930,삼성전자,274250,274250,273500,273750,56235
2026-09-09 11:12:00,005930,삼성전자,273500,274000,273500,273750,13522
2026-09-09 11:13:00,005930,삼성전자,274000,274000,273500,273750,5955
2026-09-09 11:14:00,005930,삼성전자,273750,273750,273500,273750,22081
2026-09-09 11:15:00,005930,삼성전자,273500,274000,273000,273250,63134
2026-09-09 11:16:00,005930,삼성전자,273500,273500,273000,273000,21932
2026-09-09 11:17:00,005930,삼성전자,273000,273500,273000,273250,10016
2026-09-09 11:18:00,005930,삼성전자,273250,273500,273000,273500,11233
2026-09-09 11:19:00,005930,삼성전자,273250,274000,273000,273500,79706
2026-09-09 11:20:00,005930,삼성전자,273500,273500,273000,273250,19312
2026-09-09 11:21:00,005930,삼성전자,273250,273500,273000,273000,7918
2026-09-09 11:22:00,005930,삼성전자,273000,273250,273000,273000,5773
2026-09-09 11:23:00,005930,삼성전자,273250,273500,273000,273500,43295
2026-09-09 11:24:00,005930,삼성전자,273000,273500,273000,273500,12965
2026-09-09 11:25:00,005930,삼성전자,273500,273500,273000,273000,12046
2026-09-09 11:26:00,005930,삼성전자,273500,273500,273000,273500,13312
2026-09-09 11:27:00,005930,삼성전자,273250,274000,273000,273500,96005
2026-09-09 11:28:00,005930,삼성전자,273500,273500,273250,273250,12530
2026-09-09 11:29:00,005930,삼성전자,273250,273500,273000,273000,42307
2026-09-09 11:30:00,005930,삼성전자,273000,273500,273000,273250,3020
2026-09-09 11:31:00,005930,삼성전자,273000,273500,273000,273250,10308
2026-09-09 11:32:00,005930,삼성전자,273250,274000,273000,273500,76991
2026-09-09 11:33:00,005930,삼성전자,273500,274000,273500,273500,68870
2026-09-09 11:34:00,005930,삼성전자,274000,274500,273500,274000,72896
2026-09-09 11:35:00,005930,삼성전자,274000,274500,274000,274000,138126
2026-09-09 11:36:00,005930,삼성전자,274500,274500,274000,274000,33272
2026-09-09 11:37:00,005930,삼성전자,274000,274500,273750,274000,35167
2026-09-09 11:38:00,005930,삼성전자,274000,274500,273500,274000,63500
2026-09-09 11:39:00,005930,삼성전자,274000,274500,274000,274500,10825
2026-09-09 11:40:00,005930,삼성전자,274000,274500,274000,274250,13989
2026-09-09 11:41:00,005930,삼성전자,274500,274500,274000,274250,33525
2026-09-09 11:42:00,005930,삼성전자,274500,275000,274000,274500,72543
2026-09-09 11:43:00,005930,삼성전자,274500,274750,274500,274500,29835
2026-09-09 11:44:00,005930,삼성전자,274500,275000,274500,275000,62383
2026-09-09 11:45:00,005930,삼성전자,274750,275000,274500,274500,49635
2026-09-09 11:46:00,005930,삼성전자,274500,275000,274000,274250,62873
2026-09-09 11:47:00,005930,삼성전자,274000,274250,274000,274000,3704
2026-09-09 11:48:00,005930,삼성전자,274250,274500,274000,274250,14885
2026-09-09 11:49:00,005930,삼성전자,274500,274500,274000,274500,7380
2026-09-09 11:50:00,005930,삼성전자,274500,274500,274000,274500,9856
2026-09-09 11:51:00,005930,삼성전자,274500,274500,274000,274250,10279
2026-09-09 11:52:00,005930,삼성전자,274000,274250,274000,274000,5161
2026-09-09 11:53:00,005930,삼성전자,274250,274250,273500,273750,81879
2026-09-09 11:54:00,005930,삼성전자,273500,274000,273500,273500,11352
2026-09-09 11:55:00,005930,삼성전자,274000,274000,273500,273750,4628
2026-09-09 11:56:00,005930,삼성전자,273500,273750,273500,273500,3772
2026-09-09 11:57:00,005930,삼성전자,273500,274000,273500,274000,43600
2026-09-09 11:58:00,005930,삼성전자,273750,274000,273500,273750,9048
2026-09-09 11:59:00,005930,삼성전자,273750,274000,273750,274000,7926
2026-09-09 12:00:00,005930,삼성전자,274000,274500,273750,274000,46520
2026-09-09 12:01:00,005930,삼성전자,274000,274250,273500,273750,46941
2026-09-09 12:02:00,005930,삼성전자,273750,273750,273000,273000,46353
2026-09-09 12:03:00,005930,삼성전자,273250,273500,273000,273000,4519
2026-09-09 12:04:00,005930,삼성전자,273000,273500,273000,273000,3950
2026-09-09 12:05:00,005930,삼성전자,273000,273250,272000,272250,102430
2026-09-09 12:06:00,005930,삼성전자,272000,272500,272000,272250,10399
2026-09-09 12:07:00,005930,삼성전자,272250,272500,272000,272000,8477
2026-09-09 12:08:00,005930,삼성전자,272500,272500,272000,272000,5392
2026-09-09 12:09:00,005930,삼성전자,272250,272500,272000,272000,8784
2026-09-09 12:10:00,005930,삼성전자,272000,272500,272000,272000,8114
2026-09-09 12:11:00,005930,삼성전자,272000,273000,272000,272750,54067
2026-09-09 12:12:00,005930,삼성전자,272750,273000,271750,271750,100420
2026-09-09 12:13:00,005930,삼성전자,271500,272500,271500,272000,58373
2026-09-09 12:14:00,005930,삼성전자,271750,272000,271500,272000,4853
2026-09-09 12:15:00,005930,삼성전자,271750,272500,271500,272250,33137
2026-09-09 12:16:00,005930,삼성전자,272250,272500,272000,272250,5627
2026-09-09 12:17:00,005930,삼성전자,272250,272500,272000,272500,17635
2026-09-09 12:18:00,005930,삼성전자,272500,273000,272000,272250,71118
2026-09-09 12:19:00,005930,삼성전자,272000,272500,272000,272250,10005
2026-09-09 12:20:00,005930,삼성전자,272000,272500,272000,272250,6761
2026-09-09 12:21:00,005930,삼성전자,272000,272250,271500,272000,39023
2026-09-09 12:22:00,005930,삼성전자,272000,272000,271500,271750,6962
2026-09-09 12:23:00,005930,삼성전자,271750,271750,271500,271750,15337
2026-09-09 12:24:00,005930,삼성전자,271500,271750,271500,271750,5667
2026-09-09 12:25:00,005930,삼성전자,271500,271750,271500,271500,20700
2026-09-09 12:26:00,005930,삼성전자,271500,272000,271000,271500,91665
2026-09-09 12:27:00,005930,삼성전자,271500,272000,271000,271500,47477
2026-09-09 12:28:00,005930,삼성전자,271000,271750,271000,271500,34488
2026-09-09 12:29:00,005930,삼성전자,271500,271750,271500,271750,5063
2026-09-09 12:30:00,005930,삼성전자,271500,272000,271500,271500,7437
2026-09-09 12:31:00,005930,삼성전자,271750,272000,271500,271750,14152
2026-09-09 12:32:00,005930,삼성전자,271750,272000,271500,271500,12889
2026-09-09 12:33:00,005930,삼성전자,272000,272000,271500,271750,8052
2026-09-09 12:34:00,005930,삼성전자,271750,272000,271500,271750,7309
2026-09-09 12:35:00,005930,삼성전자,271750,272000,271500,271750,14118
2026-09-09 12:36:00,005930,삼성전자,272000,272000,271750,272000,5899
2026-09-09 12:37:00,005930,삼성전자,271750,272000,271500,271750,12598
2026-09-09 12:38:00,005930,삼성전자,271500,271750,271500,271750,12981
2026-09-09 12:39:00,005930,삼성전자,271500,271750,271500,271750,9896
2026-09-09 12:40:00,005930,삼성전자,271750,272500,271500,271500,46544
2026-09-09 12:41:00,005930,삼성전자,271500,272000,271500,271750,10624
2026-09-09 12:42:00,005930,삼성전자,271750,272000,271500,271750,9565
2026-09-09 12:43:00,005930,삼성전자,271750,272000,271500,271750,9534
2026-09-09 12:44:00,005930,삼성전자,271750,272000,271500,271750,8196
2026-09-09 12:45:00,005930,삼성전자,271500,271750,271000,271000,103988
2026-09-09 12:46:00,005930,삼성전자,271000,271250,270500,270500,67718
2026-09-09 12:47:00,005930,삼성전자,270500,271000,270500,270750,59784
2026-09-09 12:48:00,005930,삼성전자,270750,271000,270500,270500,38857
2026-09-09 12:49:00,005930,삼성전자,270500,271000,270000,270750,74111
2026-09-09 12:50:00,005930,삼성전자,270500,270750,270000,270250,26912
2026-09-09 12:51:00,005930,삼성전자,270000,270250,269500,269500,77676
2026-09-09 12:52:00,005930,삼성전자,269500,270000,269500,269500,11444
2026-09-09 12:53:00,005930,삼성전자,269750,270000,269500,270000,11255
2026-09-09 12:54:00,005930,삼성전자,269500,270000,269500,270000,7153
2026-09-09 12:55:00,005930,삼성전자,270000,270500,269500,270250,63618
2026-09-09 12:56:00,005930,삼성전자,270250,270500,270000,270500,29429
2026-09-09 12:57:00,005930,삼성전자,270250,270500,270250,270250,11905
2026-09-09 12:58:00,005930,삼성전자,270500,270500,270000,270250,11778
2026-09-09 12:59:00,005930,삼성전자,270000,270250,270000,270250,12578
2026-09-09 13:00:00,005930,삼성전자,270000,270250,270000,270000,12484
2026-09-09 13:01:00,005930,삼성전자,270250,271000,270000,270500,64663
2026-09-09 13:02:00,005930,삼성전자,270500,271000,269500,270000,121376
2026-09-09 13:03:00,005930,삼성전자,270000,270500,269500,270250,26318
2026-09-09 13:04:00,005930,삼성전자,270250,270500,270000,270250,8914
2026-09-09 13:05:00,005930,삼성전자,270250,270500,270250,270500,7776
2026-09-09 13:06:00,005930,삼성전자,270250,270500,270000,270500,10719
2026-09-09 13:07:00,005930,삼성전자,270000,270500,270000,270000,5957
2026-09-09 13:08:00,005930,삼성전자,270000,270250,270000,270250,7707
2026-09-09 13:09:00,005930,삼성전자,270250,270500,270000,270500,37908
2026-09-09 13:10:00,005930,삼성전자,270500,270500,269500,269750,88504
2026-09-09 13:11:00,005930,삼성전자,269750,270000,269500,269750,7760
2026-09-09 13:12:00,005930,삼성전자,269500,269750,269000,269250,75452
2026-09-09 13:13:00,005930,삼성전자,269250,269500,269000,269000,12038
2026-09-09 13:14:00,005930,삼성전자,269000,269500,269000,269250,22624
2026-09-09 13:15:00,005930,삼성전자,269250,269500,269000,269250,17488
2026-09-09 13:16:00,005930,삼성전자,269500,269500,269000,269000,16069
2026-09-09 13:17:00,005930,삼성전자,269250,269500,269000,269250,8414
2026-09-09 13:18:00,005930,삼성전자,269500,269500,269000,269250,24867
2026-09-09 13:19:00,005930,삼성전자,269000,269250,268500,268750,120179
2026-09-09 13:20:00,005930,삼성전자,268750,269500,268500,269250,47850
2026-09-09 13:21:00,005930,삼성전자,269250,270000,269000,269750,49017
2026-09-09 13:22:00,005930,삼성전자,269750,270000,269500,269750,6730
2026-09-09 13:23:00,005930,삼성전자,269750,270500,269500,270000,26643
2026-09-09 13:24:00,005930,삼성전자,270250,271000,270000,270250,44548
2026-09-09 13:25:00,005930,삼성전자,270500,270500,270000,270000,6350
2026-09-09 13:26:00,005930,삼성전자,270250,270500,270000,270250,8264
2026-09-09 13:27:00,005930,삼성전자,270250,270500,270000,270250,13820
2026-09-09 13:28:00,005930,삼성전자,270000,271000,270000,270750,62829
2026-09-09 13:29:00,005930,삼성전자,271000,271000,270500,270500,22068
2026-09-09 13:30:00,005930,삼성전자,270500,270750,270000,270250,67699
2026-09-09 13:31:00,005930,삼성전자,270250,270500,269500,270000,24093
2026-09-09 13:32:00,005930,삼성전자,270000,270500,270000,270000,13378
2026-09-09 13:33:00,005930,삼성전자,270500,271000,270000,270500,41376
2026-09-09 13:34:00,005930,삼성전자,270500,271000,270500,271000,31873
2026-09-09 13:35:00,005930,삼성전자,270750,271250,270500,270500,77904
2026-09-09 13:36:00,005930,삼성전자,271000,271000,270500,271000,13820
2026-09-09 13:37:00,005930,삼성전자,270750,271000,270500,270500,14909
2026-09-09 13:38:00,005930,삼성전자,271000,271000,270500,270500,13379
2026-09-09 13:39:00,005930,삼성전자,270500,271000,270500,270500,20066
2026-09-09 13:40:00,005930,삼성전자,270750,270750,270500,270750,12825
2026-09-09 13:41:00,005930,삼성전자,270750,270750,270500,270500,16517
2026-09-09 13:42:00,005930,삼성전자,270500,271000,270500,270750,19210
2026-09-09 13:43:00,005930,삼성전자,271000,271000,270750,271000,9000
2026-09-09 13:44:00,005930,삼성전자,270750,271000,270500,271000,10258
2026-09-09 13:45:00,005930,삼성전자,271000,271000,270500,270750,7102
2026-09-09 13:46:00,005930,삼성전자,270500,271000,270500,270750,8482
2026-09-09 13:47:00,005930,삼성전자,270750,271000,270500,270500,12479
2026-09-09 13:48:00,005930,삼성전자,270750,271000,270500,270750,13775
2026-09-09 13:49:00,005930,삼성전자,270750,271000,270500,270750,22723
2026-09-09 13:50:00,005930,삼성전자,270750,271500,270500,271000,81211
2026-09-09 13:51:00,005930,삼성전자,271000,271000,270750,271000,11452
2026-09-09 13:52:00,005930,삼성전자,271000,271000,270750,270750,12295
2026-09-09 13:53:00,005930,삼성전자,271000,271000,270500,271000,16183
2026-09-09 13:54:00,005930,삼성전자,270750,271000,270500,270750,12685
2026-09-09 13:55:00,005930,삼성전자,271000,271000,270750,270750,13726
2026-09-09 13:56:00,005930,삼성전자,271000,271000,270500,271000,13998
2026-09-09 13:57:00,005930,삼성전자,271000,271000,270500,270500,14217
2026-09-09 13:58:00,005930,삼성전자,270500,271000,270500,270750,17115
2026-09-09 13:59:00,005930,삼성전자,270750,271000,270500,271000,43485
2026-09-09 14:00:00,005930,삼성전자,271000,271000,270000,270500,98050
2026-09-09 14:01:00,005930,삼성전자,270250,270500,270000,270250,16335
2026-09-09 14:02:00,005930,삼성전자,270500,270500,270000,270250,9008
2026-09-09 14:03:00,005930,삼성전자,270250,270500,270000,270500,15681
2026-09-09 14:04:00,005930,삼성전자,270500,270500,270000,270500,19273
2026-09-09 14:05:00,005930,삼성전자,270500,270500,270000,270250,15165
2026-09-09 14:06:00,005930,삼성전자,270250,270500,270000,270250,16492
2026-09-09 14:07:00,005930,삼성전자,270250,271000,270000,270000,114492
2026-09-09 14:08:00,005930,삼성전자,270000,270500,270000,270000,12363
2026-09-09 14:09:00,005930,삼성전자,270250,270500,270000,270000,14123
2026-09-09 14:10:00,005930,삼성전자,270500,271000,270000,270250,101748
2026-09-09 14:11:00,005930,삼성전자,270500,270500,269500,269750,70997
2026-09-09 14:12:00,005930,삼성전자,269750,269750,269500,269750,7067
2026-09-09 14:13:00,005930,삼성전자,269500,269750,269500,269500,5160
2026-09-09 14:14:00,005930,삼성전자,269750,270000,269500,269500,14251
2026-09-09 14:15:00,005930,삼성전자,270000,270000,269000,269500,89768
2026-09-09 14:16:00,005930,삼성전자,269500,270000,269000,269250,53522
2026-09-09 14:17:00,005930,삼성전자,269250,269500,269000,269250,14743
2026-09-09 14:18:00,005930,삼성전자,269250,269250,269000,269000,30873
2026-09-09 14:19:00,005930,삼성전자,269000,269250,268500,268500,114468
2026-09-09 14:20:00,005930,삼성전자,268500,269000,268500,268750,41468
2026-09-09 14:21:00,005930,삼성전자,268500,268750,267500,268000,189795
2026-09-09 14:22:00,005930,삼성전자,267750,268500,267750,268250,64845
2026-09-09 14:23:00,005930,삼성전자,268000,268500,267500,268250,96306
2026-09-09 14:24:00,005930,삼성전자,268250,268250,268000,268000,10565
2026-09-09 14:25:00,005930,삼성전자,268250,268500,268000,268250,13358
2026-09-09 14:26:00,005930,삼성전자,268250,268500,268000,268000,30363
2026-09-09 14:27:00,005930,삼성전자,268000,269000,268000,268500,152625
2026-09-09 14:28:00,005930,삼성전자,268500,268750,268500,268750,8511
2026-09-09 14:29:00,005930,삼성전자,268750,268750,268500,268750,12022
2026-09-09 14:30:00,005930,삼성전자,268500,268750,268000,268500,82317
2026-09-09 14:31:00,005930,삼성전자,268500,269000,268250,268750,34903
2026-09-09 14:32:00,005930,삼성전자,268750,268750,268500,268750,9921
2026-09-09 14:33:00,005930,삼성전자,268500,269000,268500,269000,15716
2026-09-09 14:34:00,005930,삼성전자,268750,269000,268500,269000,20443
2026-09-09 14:35:00,005930,삼성전자,268750,269000,268500,268750,67398
2026-09-09 14:36:00,005930,삼성전자,268750,268750,268500,268750,14716
2026-09-09 14:37:00,005930,삼성전자,268500,268750,268500,268750,11358
2026-09-09 14:38:00,005930,삼성전자,268500,268750,268500,268500,8255
2026-09-09 14:39:00,005930,삼성전자,268750,268750,268500,268750,11527
2026-09-09 14:40:00,005930,삼성전자,268750,268750,268500,268500,24668
2026-09-09 14:41:00,005930,삼성전자,268750,269000,268500,269000,42872
2026-09-09 14:42:00,005930,삼성전자,268750,269500,268750,269250,64906
2026-09-09 14:43:00,005930,삼성전자,269250,269500,269000,269250,48886
2026-09-09 14:44:00,005930,삼성전자,269500,270000,269250,269750,33613
2026-09-09 14:45:00,005930,삼성전자,270000,270000,269500,269750,19290
2026-09-09 14:46:00,005930,삼성전자,269750,270000,269500,269750,17482
2026-09-09 14:47:00,005930,삼성전자,269500,270000,269500,270000,24384
2026-09-09 14:48:00,005930,삼성전자,270000,270000,269500,269750,73500
2026-09-09 14:49:00,005930,삼성전자,270000,270000,269500,269750,41631
2026-09-09 14:50:00,005930,삼성전자,269500,269750,269500,269750,14759
2026-09-09 14:51:00,005930,삼성전자,269500,269750,269500,269750,11110
2026-09-09 14:52:00,005930,삼성전자,269500,270000,269500,270000,42302
2026-09-09 14:53:00,005930,삼성전자,269750,270000,269750,269750,9783
2026-09-09 14:54:00,005930,삼성전자,270000,271000,269750,270500,198718
2026-09-09 14:55:00,005930,삼성전자,270500,270500,270000,270500,7869
2026-09-09 14:56:00,005930,삼성전자,270250,270500,270000,270250,9859
2026-09-09 14:57:00,005930,삼성전자,270000,270250,270000,270250,8991
2026-09-09 14:58:00,005930,삼성전자,270000,270250,270000,270000,12522
2026-09-09 14:59:00,005930,삼성전자,270000,270500,269500,270250,86484
2026-09-09 15:00:00,005930,삼성전자,270250,270500,270000,270250,16261
2026-09-09 15:01:00,005930,삼성전자,270250,270500,270000,270500,24949
2026-09-09 15:02:00,005930,삼성전자,270500,270500,270000,270500,8521
2026-09-09 15:03:00,005930,삼성전자,270000,270500,270000,270000,13517
2026-09-09 15:04:00,005930,삼성전자,270000,270250,270000,270250,16517
2026-09-09 15:05:00,005930,삼성전자,270000,270250,270000,270000,16213
2026-09-09 15:06:00,005930,삼성전자,270000,270500,269500,270250,122418
2026-09-09 15:07:00,005930,삼성전자,270000,270500,269500,269750,41480
2026-09-09 15:08:00,005930,삼성전자,269500,270000,269500,269500,12665
2026-09-09 15:09:00,005930,삼성전자,269500,270000,269500,269750,11674
2026-09-09 15:10:00,005930,삼성전자,269500,269750,269500,269750,14453
2026-09-09 15:11:00,005930,삼성전자,269750,270000,269500,270000,11947
2026-09-09 15:12:00,005930,삼성전자,270000,270000,269500,269750,18441
2026-09-09 15:13:00,005930,삼성전자,270000,270000,269500,270000,18561
2026-09-09 15:14:00,005930,삼성전자,270000,270000,269500,269750,31837
2026-09-09 15:15:00,005930,삼성전자,270000,270000,269500,269500,25952
2026-09-09 15:16:00,005930,삼성전자,269500,270000,269500,270000,27062
2026-09-09 15:17:00,005930,삼성전자,269500,270000,269500,269750,23139
2026-09-09 15:18:00,005930,삼성전자,269500,270000,269500,270000,26435
2026-09-09 15:19:00,005930,삼성전자,269500,270500,269500,270250,73694
2026-09-09 15:30:00,005930,삼성전자,269500,269500,269500,269500,1258219
2026-09-10 09:00:00,005930,삼성전자,269000,269500,268500,269000,386936
2026-09-10 09:01:00,005930,삼성전자,269000,270000,268500,269000,92558
2026-09-10 09:02:00,005930,삼성전자,269500,270000,269000,269500,40717
2026-09-10 09:03:00,005930,삼성전자,270000,270500,269500,269750,109206
2026-09-10 09:04:00,005930,삼성전자,269750,270000,269500,270000,35867
2026-09-10 09:05:00,005930,삼성전자,270000,270500,269500,270000,51894
2026-09-10 09:06:00,005930,삼성전자,270000,270000,269500,270000,7026
2026-09-10 09:07:00,005930,삼성전자,269500,270000,269000,269500,42274
2026-09-10 09:08:00,005930,삼성전자,269500,269500,268500,269000,40889
2026-09-10 09:09:00,005930,삼성전자,268500,269000,268000,268500,81619
2026-09-10 09:10:00,005930,삼성전자,269000,269000,267500,267500,100644
2026-09-10 09:11:00,005930,삼성전자,267500,269000,267500,268250,60867
2026-09-10 09:12:00,005930,삼성전자,268000,268250,267000,267000,82636
2026-09-10 09:13:00,005930,삼성전자,267000,267500,266500,267000,50422
2026-09-10 09:14:00,005930,삼성전자,267000,267500,266500,267000,46622
2026-09-10 09:15:00,005930,삼성전자,267000,268000,267000,267750,33565
2026-09-10 09:16:00,005930,삼성전자,267750,268000,267000,267500,56647
2026-09-10 09:17:00,005930,삼성전자,267500,267500,267000,267000,22320
2026-09-10 09:18:00,005930,삼성전자,267250,267500,267000,267500,28628
2026-09-10 09:19:00,005930,삼성전자,267250,267500,266500,266750,67435
2026-09-10 09:20:00,005930,삼성전자,266750,267000,266500,266500,12646
2026-09-10 09:21:00,005930,삼성전자,266500,268000,266500,267000,137172
2026-09-10 09:22:00,005930,삼성전자,267000,268000,267000,267500,37712
2026-09-10 09:23:00,005930,삼성전자,267500,267750,267000,267250,23284
2026-09-10 09:24:00,005930,삼성전자,267250,267500,267000,267250,9170
2026-09-10 09:25:00,005930,삼성전자,267250,267250,266750,266750,40528
2026-09-10 09:26:00,005930,삼성전자,266750,267500,266500,267000,18535
2026-09-10 09:27:00,005930,삼성전자,267500,267500,267000,267000,20492
2026-09-10 09:28:00,005930,삼성전자,267000,268000,267000,268000,154426
2026-09-10 09:29:00,005930,삼성전자,267750,268000,267250,267500,41480
2026-09-10 09:30:00,005930,삼성전자,267500,267500,267000,267000,12692
2026-09-10 09:31:00,005930,삼성전자,267250,267250,266500,266750,37588
2026-09-10 09:32:00,005930,삼성전자,266500,267000,266500,266500,12083
2026-09-10 09:33:00,005930,삼성전자,267000,267000,266000,266000,58006
2026-09-10 09:34:00,005930,삼성전자,266000,267000,266000,266500,80214
2026-09-10 09:35:00,005930,삼성전자,266500,267000,266500,266500,13566
2026-09-10 09:36:00,005930,삼성전자,266500,266750,266500,266750,9154
2026-09-10 09:37:00,005930,삼성전자,266750,267000,266250,266250,41923
2026-09-10 09:38:00,005930,삼성전자,266250,266500,266000,266000,11825
2026-09-10 09:39:00,005930,삼성전자,266000,266500,266000,266250,16637
2026-09-10 09:40:00,005930,삼성전자,266250,266250,265500,265500,80565
2026-09-10 09:41:00,005930,삼성전자,265500,266000,265000,265500,71992
2026-09-10 09:42:00,005930,삼성전자,265250,265500,265000,265250,59038
2026-09-10 09:43:00,005930,삼성전자,265250,265250,265000,265000,9653
2026-09-10 09:44:00,005930,삼성전자,265250,266500,265000,266250,95499
2026-09-10 09:45:00,005930,삼성전자,266000,266250,265500,266000,19448
2026-09-10 09:46:00,005930,삼성전자,266000,266000,265500,266000,10030
2026-09-10 09:47:00,005930,삼성전자,265500,266500,265500,266250,42625
2026-09-10 09:48:00,005930,삼성전자,266250,266500,265500,266250,31833
2026-09-10 09:49:00,005930,삼성전자,266000,266500,266000,266250,13756
2026-09-10 09:50:00,005930,삼성전자,266250,266250,265250,265500,65236
2026-09-10 09:51:00,005930,삼성전자,265500,266000,265250,265750,29391
2026-09-10 09:52:00,005930,삼성전자,266000,267000,265500,266500,58769
2026-09-10 09:53:00,005930,삼성전자,266500,266500,265500,266000,36144
2026-09-10 09:54:00,005930,삼성전자,265750,266500,265500,265500,14780
2026-09-10 09:55:00,005930,삼성전자,266000,266000,265000,265500,41525
2026-09-10 09:56:00,005930,삼성전자,265500,266000,265000,265500,52189
2026-09-10 09:57:00,005930,삼성전자,265000,265500,265000,265000,49412
2026-09-10 09:58:00,005930,삼성전자,265250,265500,265000,265250,33202
2026-09-10 09:59:00,005930,삼성전자,265000,265250,264500,264750,93107
2026-09-10 10:00:00,005930,삼성전자,264750,266000,264500,265500,120044
2026-09-10 10:01:00,005930,삼성전자,265500,266000,265000,265250,15206
2026-09-10 10:02:00,005930,삼성전자,265250,265250,264500,265000,61844
2026-09-10 10:03:00,005930,삼성전자,265000,265000,264500,265000,15582
2026-09-10 10:04:00,005930,삼성전자,264750,265500,264500,265250,32273
2026-09-10 10:05:00,005930,삼성전자,265250,265500,265000,265250,14064
2026-09-10 10:06:00,005930,삼성전자,265000,265250,264000,265000,142304
2026-09-10 10:07:00,005930,삼성전자,265000,265000,264000,265000,22169
2026-09-10 10:08:00,005930,삼성전자,265000,265000,264500,264500,4171
2026-09-10 10:09:00,005930,삼성전자,264750,265000,264000,264250,90939
2026-09-10 10:10:00,005930,삼성전자,264250,264500,263500,264250,118159
2026-09-10 10:11:00,005930,삼성전자,264250,264500,264000,264250,11594
2026-09-10 10:12:00,005930,삼성전자,264250,264500,263500,263750,55790
2026-09-10 10:13:00,005930,삼성전자,263750,264000,263500,263750,15796
2026-09-10 10:14:00,005930,삼성전자,263750,264000,263500,263750,12050
2026-09-10 10:15:00,005930,삼성전자,263750,263750,263500,263750,8737
2026-09-10 10:16:00,005930,삼성전자,263750,264500,263500,264250,103168
2026-09-10 10:17:00,005930,삼성전자,264250,264500,263500,264000,89779
2026-09-10 10:18:00,005930,삼성전자,264000,264000,263500,263750,32519
2026-09-10 10:19:00,005930,삼성전자,263750,264500,263500,264500,91878
2026-09-10 10:20:00,005930,삼성전자,264250,265000,263500,263750,48862
2026-09-10 10:21:00,005930,삼성전자,263750,264000,263500,263750,10598
2026-09-10 10:22:00,005930,삼성전자,263500,264000,263500,263500,19155
2026-09-10 10:23:00,005930,삼성전자,263500,264500,263500,264250,33431
2026-09-10 10:24:00,005930,삼성전자,264250,264500,264000,264250,15605
2026-09-10 10:25:00,005930,삼성전자,264000,264250,264000,264000,21277
2026-09-10 10:26:00,005930,삼성전자,264000,264250,263500,264000,45812
2026-09-10 10:27:00,005930,삼성전자,264000,264000,263500,263750,8955
2026-09-10 10:28:00,005930,삼성전자,263750,264000,263500,263750,9230
2026-09-10 10:29:00,005930,삼성전자,263500,264000,263500,263750,12744
2026-09-10 10:30:00,005930,삼성전자,263750,264500,263500,264500,91634
2026-09-10 10:31:00,005930,삼성전자,264000,264500,264000,264500,25770
2026-09-10 10:32:00,005930,삼성전자,264250,264500,263750,264000,66336
2026-09-10 10:33:00,005930,삼성전자,264000,264500,263500,264000,40641
2026-09-10 10:34:00,005930,삼성전자,264000,264000,263500,264000,12883
2026-09-10 10:35:00,005930,삼성전자,264000,264000,263500,263750,29350
2026-09-10 10:36:00,005930,삼성전자,263750,263750,263500,263500,18919
2026-09-10 10:37:00,005930,삼성전자,263500,264000,263500,263750,40083
2026-09-10 10:38:00,005930,삼성전자,264000,264500,263500,264000,45976
2026-09-10 10:39:00,005930,삼성전자,264000,264500,263500,264000,20415
2026-09-10 10:40:00,005930,삼성전자,264500,264500,264000,264500,12639
2026-09-10 10:41:00,005930,삼성전자,264000,264500,264000,264250,18647
2026-09-10 10:42:00,005930,삼성전자,264500,265000,264250,264750,27274
2026-09-10 10:43:00,005930,삼성전자,264500,265000,264000,264500,61102
2026-09-10 10:44:00,005930,삼성전자,264250,265000,264250,264750,52480
2026-09-10 10:45:00,005930,삼성전자,265000,265000,264750,265000,23429
2026-09-10 10:46:00,005930,삼성전자,265000,265500,264500,264750,37053
2026-09-10 10:47:00,005930,삼성전자,264750,265000,264500,265000,17988
2026-09-10 10:48:00,005930,삼성전자,265000,265000,264750,265000,23783
2026-09-10 10:49:00,005930,삼성전자,265000,265500,264500,265250,48462
2026-09-10 10:50:00,005930,삼성전자,265250,265500,265000,265500,25922
2026-09-10 10:51:00,005930,삼성전자,265250,265500,264000,264750,106926
2026-09-10 10:52:00,005930,삼성전자,264750,265000,264000,264750,28165
2026-09-10 10:53:00,005930,삼성전자,264750,265000,264000,264500,49138
2026-09-10 10:54:00,005930,삼성전자,264500,264500,264000,264250,17638
2026-09-10 10:55:00,005930,삼성전자,264000,265000,264000,265000,30572
2026-09-10 10:56:00,005930,삼성전자,264750,265000,264500,264750,18189
2026-09-10 10:57:00,005930,삼성전자,265000,265000,264500,265000,11549
2026-09-10 10:58:00,005930,삼성전자,265000,266000,264500,265500,66893
2026-09-10 10:59:00,005930,삼성전자,265250,266000,265250,266000,9390
2026-09-10 11:00:00,005930,삼성전자,265500,266000,265000,265500,23641
2026-09-10 11:01:00,005930,삼성전자,265500,265500,265000,265500,7718
2026-09-10 11:02:00,005930,삼성전자,265500,265500,265000,265500,12707
2026-09-10 11:03:00,005930,삼성전자,265500,265500,265000,265500,12798
2026-09-10 11:04:00,005930,삼성전자,265500,265500,265000,265500,12241
2026-09-10 11:05:00,005930,삼성전자,265500,265500,265000,265500,8823
2026-09-10 11:06:00,005930,삼성전자,265500,266000,265000,265250,75249
2026-09-10 11:07:00,005930,삼성전자,265500,265500,264500,265000,49304
2026-09-10 11:08:00,005930,삼성전자,265000,265000,264500,265000,10109
2026-09-10 11:09:00,005930,삼성전자,265000,265000,264500,265000,6313
2026-09-10 11:10:00,005930,삼성전자,265000,265500,264500,265250,31965
2026-09-10 11:11:00,005930,삼성전자,265250,265500,264500,265250,31249
2026-09-10 11:12:00,005930,삼성전자,265250,265250,265000,265000,4868
2026-09-10 11:13:00,005930,삼성전자,265250,265500,265000,265250,11122
2026-09-10 11:14:00,005930,삼성전자,265500,266000,265000,266000,45839
2026-09-10 11:15:00,005930,삼성전자,266000,266500,265500,265750,81594
2026-09-10 11:16:00,005930,삼성전자,265750,265750,265000,265250,46083
2026-09-10 11:17:00,005930,삼성전자,265250,265500,265000,265500,8411
2026-09-10 11:18:00,005930,삼성전자,265500,266000,265250,265750,24812
2026-09-10 11:19:00,005930,삼성전자,265750,266000,265500,266000,9512
2026-09-10 11:20:00,005930,삼성전자,266000,266500,265750,266500,30540
2026-09-10 11:21:00,005930,삼성전자,266000,266500,266000,266500,20911
2026-09-10 11:22:00,005930,삼성전자,266500,266500,265500,266000,38722
2026-09-10 11:23:00,005930,삼성전자,266000,266000,265750,266000,6557
2026-09-10 11:24:00,005930,삼성전자,266000,266500,265500,265500,52106
2026-09-10 11:25:00,005930,삼성전자,265500,266000,265500,266000,4469
2026-09-10 11:26:00,005930,삼성전자,266000,266000,265500,265750,9443
2026-09-10 11:27:00,005930,삼성전자,265500,265750,265500,265750,5568
2026-09-10 11:28:00,005930,삼성전자,265750,265750,265500,265500,3392
2026-09-10 11:29:00,005930,삼성전자,265750,265750,265500,265750,45325
2026-09-10 11:30:00,005930,삼성전자,265500,266000,265000,266000,63698
2026-09-10 11:31:00,005930,삼성전자,266000,267000,265750,266500,53857
2026-09-10 11:32:00,005930,삼성전자,266500,266750,266000,266500,28463
2026-09-10 11:33:00,005930,삼성전자,266250,266500,266250,266250,12673
2026-09-10 11:34:00,005930,삼성전자,266250,267000,266000,266500,29227
2026-09-10 11:35:00,005930,삼성전자,266500,267000,266500,267000,3976
2026-09-10 11:36:00,005930,삼성전자,266500,267000,266500,267000,10510
2026-09-10 11:37:00,005930,삼성전자,266750,267500,266500,267000,34720
2026-09-10 11:38:00,005930,삼성전자,266500,267000,266500,267000,10799
2026-09-10 11:39:00,005930,삼성전자,267000,267000,266500,267000,11475
2026-09-10 11:40:00,005930,삼성전자,266750,267000,266500,267000,7863
2026-09-10 11:41:00,005930,삼성전자,266500,267000,266500,266500,3969
2026-09-10 11:42:00,005930,삼성전자,267000,267250,266500,267000,56041
2026-09-10 11:43:00,005930,삼성전자,267250,267500,267000,267000,12872
2026-09-10 11:44:00,005930,삼성전자,267250,267250,266000,266500,83331
2026-09-10 11:45:00,005930,삼성전자,266250,267000,266000,266750,13592
2026-09-10 11:46:00,005930,삼성전자,266500,267000,266500,266750,3192
2026-09-10 11:47:00,005930,삼성전자,266500,267000,266000,266500,45851
2026-09-10 11:48:00,005930,삼성전자,266500,267000,266250,267000,23768
2026-09-10 11:49:00,005930,삼성전자,266500,267000,266000,266250,23367
2026-09-10 11:50:00,005930,삼성전자,266250,267000,266000,267000,31399
2026-09-10 11:51:00,005930,삼성전자,267000,267000,266000,266250,68566
2026-09-10 11:52:00,005930,삼성전자,266250,267000,266000,266500,11104
2026-09-10 11:53:00,005930,삼성전자,266500,267000,266500,266750,3698
2026-09-10 11:54:00,005930,삼성전자,266750,267000,266500,266750,4211
2026-09-10 11:55:00,005930,삼성전자,266750,267000,266000,266250,48174
2026-09-10 11:56:00,005930,삼성전자,266500,266500,266000,266500,6941
2026-09-10 11:57:00,005930,삼성전자,266500,266500,266000,266250,7634
2026-09-10 11:58:00,005930,삼성전자,266000,266250,266000,266000,10101
2026-09-10 11:59:00,005930,삼성전자,266250,266500,265500,266250,76963
2026-09-10 12:00:00,005930,삼성전자,266250,267000,266000,266250,37837
2026-09-10 12:01:00,005930,삼성전자,266500,267000,266250,266500,14784
2026-09-10 12:02:00,005930,삼성전자,266500,267000,266500,266500,6146
2026-09-10 12:03:00,005930,삼성전자,267000,267000,266500,266750,33012
2026-09-10 12:04:00,005930,삼성전자,266750,267500,266500,267000,28468
2026-09-10 12:05:00,005930,삼성전자,267000,267000,266500,266750,7574
2026-09-10 12:06:00,005930,삼성전자,266750,267000,266500,266750,8398
2026-09-10 12:07:00,005930,삼성전자,266500,267000,266500,266750,7661
2026-09-10 12:08:00,005930,삼성전자,266750,267500,266750,267250,44899
2026-09-10 12:09:00,005930,삼성전자,267250,267500,267000,267500,5993
2026-09-10 12:10:00,005930,삼성전자,267250,268000,267250,267500,38618
2026-09-10 12:11:00,005930,삼성전자,267500,267750,267000,267000,30896
2026-09-10 12:12:00,005930,삼성전자,267000,267250,267000,267250,12473
2026-09-10 12:13:00,005930,삼성전자,267250,267500,266500,267000,56919
2026-09-10 12:14:00,005930,삼성전자,267000,267000,266500,266750,10907
2026-09-10 12:15:00,005930,삼성전자,266750,267000,266750,266750,6198
2026-09-10 12:16:00,005930,삼성전자,266750,267000,266500,266750,11241
2026-09-10 12:17:00,005930,삼성전자,266750,267000,266500,266500,11059
2026-09-10 12:18:00,005930,삼성전자,266750,267000,266500,266500,40970
2026-09-10 12:19:00,005930,삼성전자,266750,267000,266500,266750,11644
2026-09-10 12:20:00,005930,삼성전자,267000,267500,266750,267500,42909
2026-09-10 12:21:00,005930,삼성전자,267250,267500,267000,267250,15646
2026-09-10 12:22:00,005930,삼성전자,267000,267500,267000,267000,19625
2026-09-10 12:23:00,005930,삼성전자,267000,267250,266500,267000,44045
2026-09-10 12:24:00,005930,삼성전자,267000,267000,266500,267000,8915
2026-09-10 12:25:00,005930,삼성전자,266500,267500,266500,267250,63324
2026-09-10 12:26:00,005930,삼성전자,267250,267500,267000,267500,26741
2026-09-10 12:27:00,005930,삼성전자,267000,267500,267000,267000,4905
2026-09-10 12:28:00,005930,삼성전자,267000,267500,267000,267250,9139
2026-09-10 12:29:00,005930,삼성전자,267250,267500,267000,267250,4825
2026-09-10 12:30:00,005930,삼성전자,267250,267500,267000,267500,10769
2026-09-10 12:31:00,005930,삼성전자,267500,267500,267000,267000,3701
2026-09-10 12:32:00,005930,삼성전자,267500,267500,267000,267500,4304
2026-09-10 12:33:00,005930,삼성전자,267250,267500,267000,267250,11575
2026-09-10 12:34:00,005930,삼성전자,267250,267500,267000,267500,7439
2026-09-10 12:35:00,005930,삼성전자,267250,267500,266500,267000,95115
2026-09-10 12:36:00,005930,삼성전자,267500,267500,267000,267000,4079
2026-09-10 12:37:00,005930,삼성전자,267250,267250,267000,267000,9745
2026-09-10 12:38:00,005930,삼성전자,267250,267250,267000,267000,43338
2026-09-10 12:39:00,005930,삼성전자,267000,267500,267000,267500,10593
2026-09-10 12:40:00,005930,삼성전자,267500,268000,267250,267500,32468
2026-09-10 12:41:00,005930,삼성전자,267500,267750,267000,267250,39208
2026-09-10 12:42:00,005930,삼성전자,267250,267500,267000,267500,8102
2026-09-10 12:43:00,005930,삼성전자,267500,267500,267000,267250,3600
2026-09-10 12:44:00,005930,삼성전자,267250,267500,267000,267000,6767
2026-09-10 12:45:00,005930,삼성전자,267000,267500,267000,267250,6058
2026-09-10 12:46:00,005930,삼성전자,267500,268000,267000,267500,35506
2026-09-10 12:47:00,005930,삼성전자,267500,268000,267500,268000,7838
2026-09-10 12:48:00,005930,삼성전자,267750,268000,267500,267750,10113
2026-09-10 12:49:00,005930,삼성전자,267750,268000,267500,267750,7934
2026-09-10 12:50:00,005930,삼성전자,267750,268000,267250,267500,75795
2026-09-10 12:51:00,005930,삼성전자,267500,267750,267500,267500,12995
2026-09-10 12:52:00,005930,삼성전자,267750,267750,267000,267250,43094
2026-09-10 12:53:00,005930,삼성전자,267250,267500,267250,267500,3500
2026-09-10 12:54:00,005930,삼성전자,267250,268000,267000,267500,57193
2026-09-10 12:55:00,005930,삼성전자,267500,267500,267000,267250,6548
2026-09-10 12:56:00,005930,삼성전자,267250,267500,267000,267000,5144
2026-09-10 12:57:00,005930,삼성전자,267000,267250,267000,267000,4882
2026-09-10 12:58:00,005930,삼성전자,267250,267250,267000,267250,3574
2026-09-10 12:59:00,005930,삼성전자,267250,267250,267000,267250,3797
2026-09-10 13:00:00,005930,삼성전자,267000,267250,267000,267250,4656
2026-09-10 13:01:00,005930,삼성전자,267000,267250,267000,267000,5916
2026-09-10 13:02:00,005930,삼성전자,267000,267250,267000,267250,9216
2026-09-10 13:03:00,005930,삼성전자,267000,267250,267000,267250,11071
2026-09-10 13:04:00,005930,삼성전자,267250,267500,267000,267250,6000
2026-09-10 13:05:00,005930,삼성전자,267500,267500,267250,267250,13913
2026-09-10 13:06:00,005930,삼성전자,267500,268000,267250,267500,69516
2026-09-10 13:07:00,005930,삼성전자,267500,267750,267500,267500,15674
2026-09-10 13:08:00,005930,삼성전자,267500,267750,267500,267750,14427
2026-09-10 13:09:00,005930,삼성전자,267500,267750,267000,267250,46107
2026-09-10 13:10:00,005930,삼성전자,267250,267500,267000,267250,7307
2026-09-10 13:11:00,005930,삼성전자,267500,267500,267000,267250,39381
2026-09-10 13:12:00,005930,삼성전자,267000,267250,267000,267250,4609
2026-09-10 13:13:00,005930,삼성전자,267250,267250,267000,267000,3502
2026-09-10 13:14:00,005930,삼성전자,267250,267500,267000,267500,5374
2026-09-10 13:15:00,005930,삼성전자,267500,267500,267000,267250,11232
2026-09-10 13:16:00,005930,삼성전자,267250,267500,267000,267250,7380
2026-09-10 13:17:00,005930,삼성전자,267250,267250,267000,267000,5168
2026-09-10 13:18:00,005930,삼성전자,267250,267500,267000,267250,13639
2026-09-10 13:19:00,005930,삼성전자,267250,267500,267000,267250,4979
2026-09-10 13:20:00,005930,삼성전자,267500,267500,267000,267250,5433
2026-09-10 13:21:00,005930,삼성전자,267250,268000,267000,267250,62756
2026-09-10 13:22:00,005930,삼성전자,267250,268000,267000,268000,24578
2026-09-10 13:23:00,005930,삼성전자,267750,268000,267500,268000,10701
2026-09-10 13:24:00,005930,삼성전자,268000,268000,267500,268000,10760
2026-09-10 13:25:00,005930,삼성전자,267750,268000,267500,267500,9550
2026-09-10 13:26:00,005930,삼성전자,267500,268000,267500,267750,10580
2026-09-10 13:27:00,005930,삼성전자,268000,268000,267500,268000,10313
2026-09-10 13:28:00,005930,삼성전자,268000,268500,267500,268000,73615
2026-09-10 13:29:00,005930,삼성전자,268000,268250,268000,268000,18232
2026-09-10 13:30:00,005930,삼성전자,268000,268500,268000,268500,41943
2026-09-10 13:31:00,005930,삼성전자,268250,268500,268000,268500,10620
2026-09-10 13:32:00,005930,삼성전자,268500,269000,268250,268750,37158
2026-09-10 13:33:00,005930,삼성전자,268750,268750,268500,268750,6513
2026-09-10 13:34:00,005930,삼성전자,268750,269000,268500,269000,46908
2026-09-10 13:35:00,005930,삼성전자,269000,269500,268500,268750,80780
2026-09-10 13:36:00,005930,삼성전자,268750,269500,268500,269000,55367
2026-09-10 13:37:00,005930,삼성전자,268750,269000,268500,269000,8982
2026-09-10 13:38:00,005930,삼성전자,268750,269000,268750,269000,9678
2026-09-10 13:39:00,005930,삼성전자,269000,269500,268750,269500,54012
2026-09-10 13:40:00,005930,삼성전자,269500,269500,268500,268750,86837
2026-09-10 13:41:00,005930,삼성전자,268750,269500,268500,268750,34300
2026-09-10 13:42:00,005930,삼성전자,269000,269000,268500,268500,9330
2026-09-10 13:43:00,005930,삼성전자,268500,269000,268000,268000,107211
2026-09-10 13:44:00,005930,삼성전자,268500,268500,268000,268250,8039
2026-09-10 13:45:00,005930,삼성전자,268250,269000,268000,268500,80488
2026-09-10 13:46:00,005930,삼성전자,268500,269000,268500,268750,16318
2026-09-10 13:47:00,005930,삼성전자,269000,269000,268750,268750,5783
2026-09-10 13:48:00,005930,삼성전자,268750,269000,268500,269000,14151
2026-09-10 13:49:00,005930,삼성전자,268750,269000,268500,269000,5436
2026-09-10 13:50:00,005930,삼성전자,268500,269500,268500,269000,60094
2026-09-10 13:51:00,005930,삼성전자,269250,269250,269000,269250,16314
2026-09-10 13:52:00,005930,삼성전자,269250,269250,269000,269250,14108
2026-09-10 13:53:00,005930,삼성전자,269000,269500,269000,269500,10183
2026-09-10 13:54:00,005930,삼성전자,269250,269500,269250,269250,7762
2026-09-10 13:55:00,005930,삼성전자,269500,269500,269000,269250,18508
2026-09-10 13:56:00,005930,삼성전자,269000,269250,268500,269000,91949
2026-09-10 13:57:00,005930,삼성전자,268750,269500,268500,269000,93698
2026-09-10 13:58:00,005930,삼성전자,269000,269500,269000,269500,20879
2026-09-10 13:59:00,005930,삼성전자,269250,269500,269250,269250,8830
2026-09-10 14:00:00,005930,삼성전자,269500,269500,269000,269250,9857
2026-09-10 14:01:00,005930,삼성전자,269250,269500,269000,269500,17185
2026-09-10 14:02:00,005930,삼성전자,269500,269500,269000,269250,25192
2026-09-10 14:03:00,005930,삼성전자,269000,269500,268750,269000,103499
2026-09-10 14:04:00,005930,삼성전자,269000,269250,268500,268500,54923
2026-09-10 14:05:00,005930,삼성전자,268500,269000,268500,268750,15482
2026-09-10 14:06:00,005930,삼성전자,269000,269000,268500,268750,9401
2026-09-10 14:07:00,005930,삼성전자,268750,269000,268500,269000,21534
2026-09-10 14:08:00,005930,삼성전자,268750,269500,268500,268750,84450
2026-09-10 14:09:00,005930,삼성전자,268750,269500,268750,269000,18009
2026-09-10 14:10:00,005930,삼성전자,269000,269500,268750,269000,58143
2026-09-10 14:11:00,005930,삼성전자,269000,269250,269000,269000,25591
2026-09-10 14:12:00,005930,삼성전자,269000,269250,269000,269250,18586
2026-09-10 14:13:00,005930,삼성전자,269000,269500,268500,269000,51318
2026-09-10 14:14:00,005930,삼성전자,269000,269250,269000,269000,18057
2026-09-10 14:15:00,005930,삼성전자,269250,269250,269000,269250,13499
2026-09-10 14:16:00,005930,삼성전자,269000,269250,269000,269250,16893
2026-09-10 14:17:00,005930,삼성전자,269000,269500,269000,269500,20632
2026-09-10 14:18:00,005930,삼성전자,269250,269500,269250,269250,12819
2026-09-10 14:19:00,005930,삼성전자,269500,269500,269000,269000,9720
2026-09-10 14:20:00,005930,삼성전자,269000,269500,269000,269500,11251
2026-09-10 14:21:00,005930,삼성전자,269000,269500,269000,269000,9191
2026-09-10 14:22:00,005930,삼성전자,269500,269500,269000,269500,10534
2026-09-10 14:23:00,005930,삼성전자,269500,269500,269000,269250,10938
2026-09-10 14:24:00,005930,삼성전자,269250,269500,269000,269500,37504
2026-09-10 14:25:00,005930,삼성전자,269000,269500,269000,269000,6990
2026-09-10 14:26:00,005930,삼성전자,269500,269500,269000,269250,15225
2026-09-10 14:27:00,005930,삼성전자,269000,269500,269000,269500,20244
2026-09-10 14:28:00,005930,삼성전자,269000,269500,269000,269500,30684
2026-09-10 14:29:00,005930,삼성전자,269250,270000,269000,269250,173055
2026-09-10 14:30:00,005930,삼성전자,269500,270000,269000,269500,50343
2026-09-10 14:31:00,005930,삼성전자,269500,269750,269500,269750,25104
2026-09-10 14:32:00,005930,삼성전자,269500,269750,269500,269500,9166
2026-09-10 14:33:00,005930,삼성전자,269500,270000,269500,269500,14124
2026-09-10 14:34:00,005930,삼성전자,270000,270000,269500,270000,33246
2026-09-10 14:35:00,005930,삼성전자,269750,270500,269500,270000,174295
2026-09-10 14:36:00,005930,삼성전자,269750,270000,269500,270000,15364
2026-09-10 14:37:00,005930,삼성전자,269500,270000,269500,270000,9748
2026-09-10 14:38:00,005930,삼성전자,270000,270000,269500,269750,12044
2026-09-10 14:39:00,005930,삼성전자,269500,269750,269500,269750,39316
2026-09-10 14:40:00,005930,삼성전자,269500,269750,269500,269750,13330
2026-09-10 14:41:00,005930,삼성전자,269500,269750,269500,269500,8198
2026-09-10 14:42:00,005930,삼성전자,269500,269750,269500,269750,8311
2026-09-10 14:43:00,005930,삼성전자,269500,270000,269500,270000,20470
2026-09-10 14:44:00,005930,삼성전자,269500,270000,269500,269500,13613
2026-09-10 14:45:00,005930,삼성전자,269500,270000,269500,269500,37579
2026-09-10 14:46:00,005930,삼성전자,269500,270000,269500,269500,35962
2026-09-10 14:47:00,005930,삼성전자,269500,270000,269500,269500,12729
2026-09-10 14:48:00,005930,삼성전자,269500,269750,269500,269750,8634
2026-09-10 14:49:00,005930,삼성전자,269750,269750,269500,269500,25407
2026-09-10 14:50:00,005930,삼성전자,269500,269750,269000,269250,139304
2026-09-10 14:51:00,005930,삼성전자,269000,269250,268500,268500,94108
2026-09-10 14:52:00,005930,삼성전자,268500,268750,268500,268750,13060
2026-09-10 14:53:00,005930,삼성전자,268500,269500,268500,269250,57395
2026-09-10 14:54:00,005930,삼성전자,269000,269250,269000,269250,8618
2026-09-10 14:55:00,005930,삼성전자,269000,269500,268500,269000,48910
2026-09-10 14:56:00,005930,삼성전자,269000,269000,268500,269000,9458
2026-09-10 14:57:00,005930,삼성전자,269000,269000,268500,268750,9865
2026-09-10 14:58:00,005930,삼성전자,268750,269500,268500,269000,27501
2026-09-10 14:59:00,005930,삼성전자,269250,269500,269000,269000,13197
2026-09-10 15:00:00,005930,삼성전자,269000,270000,269000,269250,87504
2026-09-10 15:01:00,005930,삼성전자,269500,270000,269000,269750,19482
2026-09-10 15:02:00,005930,삼성전자,270000,270000,269250,269500,54327
2026-09-10 15:03:00,005930,삼성전자,270000,270000,269000,269000,28615
2026-09-10 15:04:00,005930,삼성전자,269000,269500,269000,269500,14267
2026-09-10 15:05:00,005930,삼성전자,269500,269500,269000,269500,11866
2026-09-10 15:06:00,005930,삼성전자,269500,269500,269000,269500,11362
2026-09-10 15:07:00,005930,삼성전자,269500,269500,269000,269250,14925
2026-09-10 15:08:00,005930,삼성전자,269000,269500,269000,269500,11965
2026-09-10 15:09:00,005930,삼성전자,269000,269500,269000,269000,12169
2026-09-10 15:10:00,005930,삼성전자,269000,270000,269000,269500,100610
2026-09-10 15:11:00,005930,삼성전자,269500,270000,269500,269750,43125
2026-09-10 15:12:00,005930,삼성전자,269750,270000,269500,269500,43755
2026-09-10 15:13:00,005930,삼성전자,269750,270000,269500,269500,49702
2026-09-10 15:14:00,005930,삼성전자,269500,269750,269000,269250,32006
2026-09-10 15:15:00,005930,삼성전자,269500,269500,269000,269000,13246
2026-09-10 15:16:00,005930,삼성전자,269000,269250,269000,269000,19132
2026-09-10 15:17:00,005930,삼성전자,269000,269500,269000,269500,11176
2026-09-10 15:18:00,005930,삼성전자,269250,269500,269000,269250,18056
2026-09-10 15:19:00,005930,삼성전자,269250,270000,269000,269500,110964
2026-09-10 15:30:00,005930,삼성전자,269000,269000,269000,269000,8511915
2026-09-11 09:00:00,005930,삼성전자,258000,259000,257500,259000,446555
2026-09-11 09:01:00,005930,삼성전자,259000,259000,258000,258500,96384
2026-09-11 09:02:00,005930,삼성전자,258500,259000,257500,258500,109857
2026-09-11 09:03:00,005930,삼성전자,258000,259000,258000,259000,53822
2026-09-11 09:04:00,005930,삼성전자,259000,259500,258000,259250,81549
2026-09-11 09:05:00,005930,삼성전자,259500,259500,258000,258500,82316
2026-09-11 09:06:00,005930,삼성전자,258500,259000,258000,258750,108723
2026-09-11 09:07:00,005930,삼성전자,258750,259500,258500,259000,108693
2026-09-11 09:08:00,005930,삼성전자,259000,260000,258750,259000,107434
2026-09-11 09:09:00,005930,삼성전자,259500,259500,258500,259250,66066
2026-09-11 09:10:00,005930,삼성전자,259000,259500,259000,259250,33435
2026-09-11 09:11:00,005930,삼성전자,259000,259250,258500,259000,36716
2026-09-11 09:12:00,005930,삼성전자,259000,259000,258500,258500,19641
2026-09-11 09:13:00,005930,삼성전자,258750,259000,258500,259000,44455
2026-09-11 09:14:00,005930,삼성전자,259000,259000,258500,259000,28499
2026-09-11 09:15:00,005930,삼성전자,259000,259000,258500,259000,48807
2026-09-11 09:16:00,005930,삼성전자,258750,259000,258500,258750,43858
2026-09-11 09:17:00,005930,삼성전자,258750,259500,258500,259000,75719
2026-09-11 09:18:00,005930,삼성전자,259000,259000,258500,258750,25034
2026-09-11 09:19:00,005930,삼성전자,258750,258750,258000,258500,112753
2026-09-11 09:20:00,005930,삼성전자,258500,259000,258250,259000,48780
2026-09-11 09:21:00,005930,삼성전자,259000,259250,258500,259000,46353
2026-09-11 09:22:00,005930,삼성전자,259000,259500,259000,259500,15493
2026-09-11 09:23:00,005930,삼성전자,259500,260000,259000,260000,30470
2026-09-11 09:24:00,005930,삼성전자,260000,260500,259500,260000,49507
2026-09-11 09:25:00,005930,삼성전자,260000,260500,259750,260250,50058
2026-09-11 09:26:00,005930,삼성전자,260250,260500,260000,260000,9425
2026-09-11 09:27:00,005930,삼성전자,260000,261000,260000,261000,31972
2026-09-11 09:28:00,005930,삼성전자,261000,261000,260500,261000,39784
2026-09-11 09:29:00,005930,삼성전자,260500,261000,260500,260750,31211
2026-09-11 09:30:00,005930,삼성전자,260750,261000,260000,260500,60892
2026-09-11 09:31:00,005930,삼성전자,260500,260500,259500,260000,69594
2026-09-11 09:32:00,005930,삼성전자,259500,260500,259500,260250,18899
2026-09-11 09:33:00,005930,삼성전자,260000,260250,259500,259500,73949
2026-09-11 09:34:00,005930,삼성전자,259500,260000,259000,259500,21235
2026-09-11 09:35:00,005930,삼성전자,259500,260000,259500,259750,19418
2026-09-11 09:36:00,005930,삼성전자,259500,260000,259500,259500,46997
2026-09-11 09:37:00,005930,삼성전자,260000,260000,259500,259500,17477
2026-09-11 09:38:00,005930,삼성전자,260000,260000,259500,259750,16527
2026-09-11 09:39:00,005930,삼성전자,259750,260000,259000,259500,62253
2026-09-11 09:40:00,005930,삼성전자,259500,260000,259000,259750,57193
2026-09-11 09:41:00,005930,삼성전자,259750,259750,258500,259000,82245
2026-09-11 09:42:00,005930,삼성전자,259000,259000,258500,259000,19452
2026-09-11 09:43:00,005930,삼성전자,258750,259000,258250,258750,130228
2026-09-11 09:44:00,005930,삼성전자,258750,259000,258000,258750,65396
2026-09-11 09:45:00,005930,삼성전자,258750,259000,258500,259000,17739
2026-09-11 09:46:00,005930,삼성전자,259000,259000,258000,259000,74547
2026-09-11 09:47:00,005930,삼성전자,258750,259000,258500,258750,17659
2026-09-11 09:48:00,005930,삼성전자,258750,258750,258500,258750,9028
2026-09-11 09:49:00,005930,삼성전자,258500,259000,258500,258750,18434
2026-09-11 09:50:00,005930,삼성전자,258750,259000,258750,259000,24854
2026-09-11 09:51:00,005930,삼성전자,259000,259000,258500,259000,94693
2026-09-11 09:52:00,005930,삼성전자,259000,259500,258500,259250,50927
2026-09-11 09:53:00,005930,삼성전자,259250,259250,259000,259250,4254
2026-09-11 09:54:00,005930,삼성전자,259250,259500,259000,259500,17984
2026-09-11 09:55:00,005930,삼성전자,259500,260000,259250,259750,27646
2026-09-11 09:56:00,005930,삼성전자,259750,260000,259500,260000,9220
2026-09-11 09:57:00,005930,삼성전자,260000,260000,259500,260000,7158
2026-09-11 09:58:00,005930,삼성전자,259750,260000,259500,259750,23634
2026-09-11 09:59:00,005930,삼성전자,259500,260000,259500,260000,6699
2026-09-11 10:00:00,005930,삼성전자,260000,260000,259500,259750,15077
2026-09-11 10:01:00,005930,삼성전자,259750,260000,259000,259500,53658
2026-09-11 10:02:00,005930,삼성전자,259500,259500,259000,259500,10009
2026-09-11 10:03:00,005930,삼성전자,259500,259500,259000,259500,26608
2026-09-11 10:04:00,005930,삼성전자,259500,259500,259000,259250,10301
2026-09-11 10:05:00,005930,삼성전자,259250,259500,259000,259250,8271
2026-09-11 10:06:00,005930,삼성전자,259250,259500,259000,259000,5781
2026-09-11 10:07:00,005930,삼성전자,259250,259500,259000,259250,13036
2026-09-11 10:08:00,005930,삼성전자,259250,259500,259000,259250,29364
2026-09-11 10:09:00,005930,삼성전자,259250,259500,259000,259500,12947
2026-09-11 10:10:00,005930,삼성전자,259500,259500,259000,259500,10441
2026-09-11 10:11:00,005930,삼성전자,259500,259500,259000,259000,4125
2026-09-11 10:12:00,005930,삼성전자,259000,259500,259000,259500,11876
2026-09-11 10:13:00,005930,삼성전자,259500,259500,259000,259500,5886
2026-09-11 10:14:00,005930,삼성전자,259000,259500,258500,259000,62268
2026-09-11 10:15:00,005930,삼성전자,259000,259000,258250,258500,144734
2026-09-11 10:16:00,005930,삼성전자,258250,259000,258000,258500,84054
2026-09-11 10:17:00,005930,삼성전자,258500,259000,258000,258500,40673
2026-09-11 10:18:00,005930,삼성전자,258500,259000,258500,258500,7631
2026-09-11 10:19:00,005930,삼성전자,258500,259000,258500,258500,54457
2026-09-11 10:20:00,005930,삼성전자,258500,258500,258000,258500,52359
2026-09-11 10:21:00,005930,삼성전자,258250,258500,258000,258250,18716
2026-09-11 10:22:00,005930,삼성전자,258000,258250,258000,258000,19126
2026-09-11 10:23:00,005930,삼성전자,258250,258250,257500,257750,301452
2026-09-11 10:24:00,005930,삼성전자,257500,258000,257500,258000,39433
2026-09-11 10:25:00,005930,삼성전자,258000,258500,257500,258000,46927
2026-09-11 10:26:00,005930,삼성전자,258000,258500,258000,258250,5487
2026-09-11 10:27:00,005930,삼성전자,258250,258250,258000,258250,13484
2026-09-11 10:28:00,005930,삼성전자,258000,258500,258000,258250,8159
2026-09-11 10:29:00,005930,삼성전자,258000,258250,257500,257500,100084
2026-09-11 10:30:00,005930,삼성전자,257500,258000,257500,258000,17039
2026-09-11 10:31:00,005930,삼성전자,258000,258500,257500,258000,92004
2026-09-11 10:32:00,005930,삼성전자,257500,258000,257500,258000,10812
2026-09-11 10:33:00,005930,삼성전자,257750,258500,257500,258500,66717
2026-09-11 10:34:00,005930,삼성전자,258000,258500,258000,258250,17749
2026-09-11 10:35:00,005930,삼성전자,258250,258500,258000,258500,13969
2026-09-11 10:36:00,005930,삼성전자,258250,259000,258250,258750,80858
2026-09-11 10:37:00,005930,삼성전자,258750,258750,258500,258750,5868
2026-09-11 10:38:00,005930,삼성전자,258500,259000,258000,258250,35356
2026-09-11 10:39:00,005930,삼성전자,258250,258500,258000,258250,14588
2026-09-11 10:40:00,005930,삼성전자,258250,258500,258000,258500,16640
2026-09-11 10:41:00,005930,삼성전자,258500,258500,258000,258250,29752
2026-09-11 10:42:00,005930,삼성전자,258250,258250,257500,258000,92534
2026-09-11 10:43:00,005930,삼성전자,258000,258000,257750,258000,20433
2026-09-11 10:44:00,005930,삼성전자,258000,258000,257500,257750,26233
2026-09-11 10:45:00,005930,삼성전자,258000,258000,257500,257750,24913
2026-09-11 10:46:00,005930,삼성전자,257750,257750,257500,257750,13413
2026-09-11 10:47:00,005930,삼성전자,257500,257750,257500,257750,7933
2026-09-11 10:48:00,005930,삼성전자,257750,258000,257500,258000,34557
2026-09-11 10:49:00,005930,삼성전자,258000,258500,257750,258000,104667
2026-09-11 10:50:00,005930,삼성전자,258250,258250,257500,257750,29628
2026-09-11 10:51:00,005930,삼성전자,258000,258500,257500,257750,29290
2026-09-11 10:52:00,005930,삼성전자,258000,258500,257750,258250,31700
2026-09-11 10:53:00,005930,삼성전자,258250,258250,258000,258000,3456
2026-09-11 10:54:00,005930,삼성전자,258250,258500,258000,258000,31173
2026-09-11 10:55:00,005930,삼성전자,258250,258500,257500,258000,53630
2026-09-11 10:56:00,005930,삼성전자,257750,258000,257500,258000,23419
2026-09-11 10:57:00,005930,삼성전자,257500,258000,257500,258000,19698
2026-09-11 10:58:00,005930,삼성전자,257750,258000,257500,258000,19679
2026-09-11 10:59:00,005930,삼성전자,258000,258500,257750,258000,65585
2026-09-11 11:00:00,005930,삼성전자,258000,258500,257500,257500,45785
2026-09-11 11:01:00,005930,삼성전자,257500,258000,257500,257750,80720
2026-09-11 11:02:00,005930,삼성전자,257750,258000,257500,257500,10035
2026-09-11 11:03:00,005930,삼성전자,258000,258000,257500,257750,8369
2026-09-11 11:04:00,005930,삼성전자,257750,258000,257500,258000,15271
2026-09-11 11:05:00,005930,삼성전자,258000,258000,257500,258000,15593
2026-09-11 11:06:00,005930,삼성전자,258000,258000,257500,257750,22548
2026-09-11 11:07:00,005930,삼성전자,257750,258000,257500,257500,56743
2026-09-11 11:08:00,005930,삼성전자,258000,258500,257500,258250,44620
2026-09-11 11:09:00,005930,삼성전자,258000,258500,257500,258250,14175
2026-09-11 11:10:00,005930,삼성전자,258250,258500,258000,258250,5565
2026-09-11 11:11:00,005930,삼성전자,258250,258500,258000,258000,24910
2026-09-11 11:12:00,005930,삼성전자,258500,258500,258000,258500,16932
2026-09-11 11:13:00,005930,삼성전자,258500,258500,258000,258250,59275
2026-09-11 11:14:00,005930,삼성전자,258500,259000,258000,258250,26522
2026-09-11 11:15:00,005930,삼성전자,258500,258500,258000,258500,14562
2026-09-11 11:16:00,005930,삼성전자,258250,258500,258000,258000,13163
2026-09-11 11:17:00,005930,삼성전자,258500,258500,258000,258500,59584
2026-09-11 11:18:00,005930,삼성전자,258250,258500,258000,258500,23413
2026-09-11 11:19:00,005930,삼성전자,258250,258500,258000,258500,19866
2026-09-11 11:20:00,005930,삼성전자,258500,258500,258000,258250,63377
2026-09-11 11:21:00,005930,삼성전자,258000,258250,258000,258250,8668
2026-09-11 11:22:00,005930,삼성전자,258250,258500,257500,258500,145899
2026-09-11 11:23:00,005930,삼성전자,258500,258500,258000,258000,7175
2026-09-11 11:24:00,005930,삼성전자,258000,258250,257500,257500,145726
2026-09-11 11:25:00,005930,삼성전자,257750,258000,257500,258000,9422
2026-09-11 11:26:00,005930,삼성전자,258000,258000,257500,258000,23329
2026-09-11 11:27:00,005930,삼성전자,257500,258000,257500,258000,12065
2026-09-11 11:28:00,005930,삼성전자,258000,258000,257500,257750,14938
2026-09-11 11:29:00,005930,삼성전자,257500,258000,257500,257500,26090
2026-09-11 11:30:00,005930,삼성전자,257500,258000,257500,257750,14873
2026-09-11 11:31:00,005930,삼성전자,257750,258000,257000,257500,116898
2026-09-11 11:32:00,005930,삼성전자,257250,257500,257000,257500,36950
2026-09-11 11:33:00,005930,삼성전자,257250,257500,257000,257500,21894
2026-09-11 11:34:00,005930,삼성전자,257500,257500,257000,257250,9498
2026-09-11 11:35:00,005930,삼성전자,257000,257250,257000,257250,9417
2026-09-11 11:36:00,005930,삼성전자,257250,257500,257000,257500,22013
2026-09-11 11:37:00,005930,삼성전자,257500,258000,257000,257500,104515
2026-09-11 11:38:00,005930,삼성전자,258000,258000,257500,258000,3512
2026-09-11 11:39:00,005930,삼성전자,257750,258000,257500,257750,9254
2026-09-11 11:40:00,005930,삼성전자,257750,258000,257500,258000,11174
2026-09-11 11:41:00,005930,삼성전자,258000,258000,257500,258000,6955
2026-09-11 11:42:00,005930,삼성전자,257500,258000,257500,258000,10599
2026-09-11 11:43:00,005930,삼성전자,258000,258000,257000,257500,77057
2026-09-11 11:44:00,005930,삼성전자,257250,257500,257250,257250,23840
2026-09-11 11:45:00,005930,삼성전자,257500,258000,257000,257500,45601
2026-09-11 11:46:00,005930,삼성전자,257500,257500,257250,257500,20161
2026-09-11 11:47:00,005930,삼성전자,257500,257500,257250,257500,25300
2026-09-11 11:48:00,005930,삼성전자,257500,258000,257250,257750,23993
2026-09-11 11:49:00,005930,삼성전자,257750,258000,257500,257500,6371
2026-09-11 11:50:00,005930,삼성전자,257750,258000,257500,258000,7999
2026-09-11 11:51:00,005930,삼성전자,257750,258000,257500,257500,8069
2026-09-11 11:52:00,005930,삼성전자,257500,258000,257500,257750,12022
2026-09-11 11:53:00,005930,삼성전자,257750,258000,257500,258000,11212
2026-09-11 11:54:00,005930,삼성전자,257500,258000,257500,257500,10482
2026-09-11 11:55:00,005930,삼성전자,258000,258000,257500,258000,11237
2026-09-11 11:56:00,005930,삼성전자,258000,258000,257500,258000,9679
2026-09-11 11:57:00,005930,삼성전자,257750,258000,257500,258000,15100
2026-09-11 11:58:00,005930,삼성전자,258000,258000,257500,257750,8349
2026-09-11 11:59:00,005930,삼성전자,257750,258000,257500,257750,6798
2026-09-11 12:00:00,005930,삼성전자,257750,258000,257000,257500,155109
2026-09-11 12:01:00,005930,삼성전자,257500,257750,257000,257500,28048
2026-09-11 12:02:00,005930,삼성전자,257500,257500,257250,257250,14524
2026-09-11 12:03:00,005930,삼성전자,257500,258000,257250,257750,38797
2026-09-11 12:04:00,005930,삼성전자,257750,257750,257000,257500,58456
2026-09-11 12:05:00,005930,삼성전자,257250,257500,257250,257500,20133
2026-09-11 12:06:00,005930,삼성전자,257250,257500,257000,257500,18325
2026-09-11 12:07:00,005930,삼성전자,257500,257500,257250,257500,13178
2026-09-11 12:08:00,005930,삼성전자,257500,257500,257250,257500,21972
2026-09-11 12:09:00,005930,삼성전자,257500,257500,257250,257500,16257
2026-09-11 12:10:00,005930,삼성전자,257500,257500,257250,257500,15917
2026-09-11 12:11:00,005930,삼성전자,257500,257500,257250,257500,21255
2026-09-11 12:12:00,005930,삼성전자,257500,257500,257000,257000,8255
2026-09-11 12:13:00,005930,삼성전자,257000,257500,257000,257500,7741
2026-09-11 12:14:00,005930,삼성전자,257250,257500,257000,257500,9126
2026-09-11 12:15:00,005930,삼성전자,257250,257500,257000,257250,8179
2026-09-11 12:16:00,005930,삼성전자,257250,257500,257000,257250,10878
2026-09-11 12:17:00,005930,삼성전자,257250,257500,257000,257250,45679
2026-09-11 12:18:00,005930,삼성전자,257250,257500,257000,257250,12487
2026-09-11 12:19:00,005930,삼성전자,257250,257500,257000,257500,14812
2026-09-11 12:20:00,005930,삼성전자,257000,257500,257000,257500,10546
2026-09-11 12:21:00,005930,삼성전자,257500,257500,257000,257000,12309
2026-09-11 12:22:00,005930,삼성전자,257250,257250,257000,257250,10154
2026-09-11 12:23:00,005930,삼성전자,257000,257250,257000,257250,7674
2026-09-11 12:24:00,005930,삼성전자,257250,257500,257000,257000,13992
2026-09-11 12:25:00,005930,삼성전자,257000,257500,256500,257000,343071
2026-09-11 12:26:00,005930,삼성전자,257000,257000,256500,257000,22368
2026-09-11 12:27:00,005930,삼성전자,257000,257500,256750,257000,73197
2026-09-11 12:28:00,005930,삼성전자,257000,257500,257000,257000,5887
2026-09-11 12:29:00,005930,삼성전자,257500,257500,257000,257250,5024
2026-09-11 12:30:00,005930,삼성전자,257250,257250,256500,257000,80924
2026-09-11 12:31:00,005930,삼성전자,257000,257000,256750,257000,18812
2026-09-11 12:32:00,005930,삼성전자,257000,257000,256500,256750,20373
2026-09-11 12:33:00,005930,삼성전자,257000,257500,256500,257250,24175
2026-09-11 12:34:00,005930,삼성전자,257250,257500,257000,257000,5937
2026-09-11 12:35:00,005930,삼성전자,257250,257250,257000,257000,5499
2026-09-11 12:36:00,005930,삼성전자,257000,257500,257000,257250,11084
2026-09-11 12:37:00,005930,삼성전자,257500,257500,257250,257500,10820
2026-09-11 12:38:00,005930,삼성전자,257500,257500,257250,257500,12867
2026-09-11 12:39:00,005930,삼성전자,257500,257500,257250,257500,20400
2026-09-11 12:40:00,005930,삼성전자,257250,258000,257000,258000,40556
2026-09-11 12:41:00,005930,삼성전자,258000,258000,257750,257750,11765
2026-09-11 12:42:00,005930,삼성전자,257750,258500,257750,258500,42591
2026-09-11 12:43:00,005930,삼성전자,258500,258500,258000,258250,5564
2026-09-11 12:44:00,005930,삼성전자,258250,258500,258250,258500,7676
2026-09-11 12:45:00,005930,삼성전자,258250,259000,258250,258500,43441
2026-09-11 12:46:00,005930,삼성전자,258750,258750,258000,258250,29930
2026-09-11 12:47:00,005930,삼성전자,258500,258500,258000,258250,6938
2026-09-11 12:48:00,005930,삼성전자,258000,258500,257500,258000,43770
2026-09-11 12:49:00,005930,삼성전자,258000,258000,257750,258000,12166
2026-09-11 12:50:00,005930,삼성전자,258000,258000,257500,257750,25762
2026-09-11 12:51:00,005930,삼성전자,257500,258000,257000,257750,40893
2026-09-11 12:52:00,005930,삼성전자,257750,257750,257500,257750,3826
2026-09-11 12:53:00,005930,삼성전자,257500,258000,257500,258000,10121
2026-09-11 12:54:00,005930,삼성전자,257750,258000,257500,258000,6738
2026-09-11 12:55:00,005930,삼성전자,258000,258000,257500,258000,12507
2026-09-11 12:56:00,005930,삼성전자,258000,258000,257500,258000,39223
2026-09-11 12:57:00,005930,삼성전자,258000,258500,257750,258250,33332
2026-09-11 12:58:00,005930,삼성전자,258500,258500,257500,258000,19673
2026-09-11 12:59:00,005930,삼성전자,258000,258500,257500,258000,17869
2026-09-11 13:00:00,005930,삼성전자,258000,258000,257500,257750,16344
2026-09-11 13:01:00,005930,삼성전자,257500,258000,257500,257750,5460
2026-09-11 13:02:00,005930,삼성전자,258000,258000,257500,257500,14328
2026-09-11 13:03:00,005930,삼성전자,257500,258000,257500,258000,10395
2026-09-11 13:04:00,005930,삼성전자,258000,258000,257500,258000,12627
2026-09-11 13:05:00,005930,삼성전자,258000,258000,257500,257750,9203
2026-09-11 13:06:00,005930,삼성전자,257750,258000,257500,258000,4838
2026-09-11 13:07:00,005930,삼성전자,257750,258000,257750,257750,7828
2026-09-11 13:08:00,005930,삼성전자,257750,258000,257750,258000,5966
2026-09-11 13:09:00,005930,삼성전자,257750,258000,257500,258000,13293
2026-09-11 13:10:00,005930,삼성전자,257500,258000,257500,257750,17478
2026-09-11 13:11:00,005930,삼성전자,258000,258000,257500,257500,6996
2026-09-11 13:12:00,005930,삼성전자,257500,257750,257500,257750,6821
2026-09-11 13:13:00,005930,삼성전자,257500,257750,257500,257500,12493
2026-09-11 13:14:00,005930,삼성전자,257500,258000,257500,257750,11209
2026-09-11 13:15:00,005930,삼성전자,258000,258000,257750,258000,8117
2026-09-11 13:16:00,005930,삼성전자,257750,258000,257500,258000,10738
2026-09-11 13:17:00,005930,삼성전자,258000,258000,257750,257750,10487
2026-09-11 13:18:00,005930,삼성전자,257750,258000,257500,258000,16262
2026-09-11 13:19:00,005930,삼성전자,257750,258000,257750,257750,10833
2026-09-11 13:20:00,005930,삼성전자,258000,258000,257750,258000,26728
2026-09-11 13:21:00,005930,삼성전자,257750,258000,257750,257750,9430
2026-09-11 13:22:00,005930,삼성전자,257750,258000,257750,258000,13817
2026-09-11 13:23:00,005930,삼성전자,257750,258000,257750,257750,13486
2026-09-11 13:24:00,005930,삼성전자,258000,258000,257750,257750,36586
2026-09-11 13:25:00,005930,삼성전자,258000,258500,257750,258250,33205
2026-09-11 13:26:00,005930,삼성전자,258250,258250,258000,258250,5201
2026-09-11 13:27:00,005930,삼성전자,258000,258500,258000,258250,7909
2026-09-11 13:28:00,005930,삼성전자,258500,259000,258000,258500,91832
2026-09-11 13:29:00,005930,삼성전자,258500,259000,258000,258500,25158
2026-09-11 13:30:00,005930,삼성전자,258500,259000,258500,259000,11450
2026-09-11 13:31:00,005930,삼성전자,258750,259000,258500,259000,4879
2026-09-11 13:32:00,005930,삼성전자,258750,259000,258500,259000,10162
2026-09-11 13:33:00,005930,삼성전자,258750,259000,258500,259000,7119
2026-09-11 13:34:00,005930,삼성전자,259000,259000,258500,258750,16259
2026-09-11 13:35:00,005930,삼성전자,258750,259000,258500,258750,9645
2026-09-11 13:36:00,005930,삼성전자,259000,259000,258500,259000,10538
2026-09-11 13:37:00,005930,삼성전자,259000,260000,258500,259500,122099
2026-09-11 13:38:00,005930,삼성전자,259500,260000,259250,259750,14783
2026-09-11 13:39:00,005930,삼성전자,259500,260000,259500,260000,10102
2026-09-11 13:40:00,005930,삼성전자,259500,260000,259500,259500,13098
2026-09-11 13:41:00,005930,삼성전자,259750,260000,259500,259500,11441
2026-09-11 13:42:00,005930,삼성전자,259500,260500,259500,260000,94088
2026-09-11 13:43:00,005930,삼성전자,260250,260500,260000,260250,15607
2026-09-11 13:44:00,005930,삼성전자,260250,260250,260000,260000,7080
2026-09-11 13:45:00,005930,삼성전자,260000,260500,260000,260250,10157
2026-09-11 13:46:00,005930,삼성전자,260250,260250,259500,259750,57281
2026-09-11 13:47:00,005930,삼성전자,259750,260000,259500,260000,8783
2026-09-11 13:48:00,005930,삼성전자,259750,260000,259500,259500,12234
2026-09-11 13:49:00,005930,삼성전자,259500,260000,259500,259750,10493
2026-09-11 13:50:00,005930,삼성전자,260000,260000,259500,259750,12706
2026-09-11 13:51:00,005930,삼성전자,260000,260000,259500,260000,17005
2026-09-11 13:52:00,005930,삼성전자,259750,260000,259500,259500,7147
2026-09-11 13:53:00,005930,삼성전자,259750,259750,259000,259000,63379
2026-09-11 13:54:00,005930,삼성전자,259500,259500,259000,259500,21425
2026-09-11 13:55:00,005930,삼성전자,259500,259500,259250,259250,11815
2026-09-11 13:56:00,005930,삼성전자,259250,259500,259000,259500,11979
2026-09-11 13:57:00,005930,삼성전자,259500,259500,259000,259500,14703
2026-09-11 13:58:00,005930,삼성전자,259500,259500,259000,259250,11341
2026-09-11 13:59:00,005930,삼성전자,259250,259250,259000,259250,15476
2026-09-11 14:00:00,005930,삼성전자,259000,259250,258000,258500,178116
2026-09-11 14:01:00,005930,삼성전자,258500,258500,258000,258500,17606
2026-09-11 14:02:00,005930,삼성전자,258500,258500,258000,258250,15596
2026-09-11 14:03:00,005930,삼성전자,258250,258500,258000,258250,20603
2026-09-11 14:04:00,005930,삼성전자,258000,258500,258000,258500,13072
2026-09-11 14:05:00,005930,삼성전자,258250,258500,258000,258500,23254
2026-09-11 14:06:00,005930,삼성전자,258250,259000,258250,258750,74889
2026-09-11 14:07:00,005930,삼성전자,259000,259000,258500,259000,13549
2026-09-11 14:08:00,005930,삼성전자,259000,259000,258500,259000,16757
2026-09-11 14:09:00,005930,삼성전자,259000,259000,258750,258750,13973
2026-09-11 14:10:00,005930,삼성전자,259000,259500,258750,259250,48423
2026-09-11 14:11:00,005930,삼성전자,259500,259500,259000,259500,6905
2026-09-11 14:12:00,005930,삼성전자,259500,260000,259000,259500,52396
2026-09-11 14:13:00,005930,삼성전자,259750,260000,259000,259250,24237
2026-09-11 14:14:00,005930,삼성전자,259500,260000,259000,259750,25948
2026-09-11 14:15:00,005930,삼성전자,259500,260000,259000,259500,22909
2026-09-11 14:16:00,005930,삼성전자,259500,259500,259000,259500,16579
2026-09-11 14:17:00,005930,삼성전자,259500,259500,259000,259500,10083
2026-09-11 14:18:00,005930,삼성전자,259500,259500,259250,259500,8919
2026-09-11 14:19:00,005930,삼성전자,259250,259500,259000,259500,10163
2026-09-11 14:20:00,005930,삼성전자,259500,259500,259000,259000,9589
2026-09-11 14:21:00,005930,삼성전자,259000,259250,259000,259250,9938
2026-09-11 14:22:00,005930,삼성전자,259000,259500,259000,259500,16313
2026-09-11 14:23:00,005930,삼성전자,259250,259500,259000,259000,15190
2026-09-11 14:24:00,005930,삼성전자,259250,259250,259000,259250,12436
2026-09-11 14:25:00,005930,삼성전자,259250,259250,259000,259250,11455
2026-09-11 14:26:00,005930,삼성전자,259000,259250,259000,259000,9720
2026-09-11 14:27:00,005930,삼성전자,259000,259250,259000,259000,12491
2026-09-11 14:28:00,005930,삼성전자,259000,259250,258500,258750,63980
2026-09-11 14:29:00,005930,삼성전자,258750,259000,258500,258750,9685
2026-09-11 14:30:00,005930,삼성전자,258750,259000,258500,259000,12443
2026-09-11 14:31:00,005930,삼성전자,259000,259000,258500,258500,13733
2026-09-11 14:32:00,005930,삼성전자,258500,259000,258500,258500,12671
2026-09-11 14:33:00,005930,삼성전자,258500,259000,258500,258500,10038
2026-09-11 14:34:00,005930,삼성전자,258750,258750,258500,258750,10798
2026-09-11 14:35:00,005930,삼성전자,258750,259000,258500,259000,11678
2026-09-11 14:36:00,005930,삼성전자,259000,259000,258500,259000,9928
2026-09-11 14:37:00,005930,삼성전자,258500,259000,258500,258750,11852
2026-09-11 14:38:00,005930,삼성전자,259000,259000,258500,258750,17701
2026-09-11 14:39:00,005930,삼성전자,258500,259500,258500,259500,116925
2026-09-11 14:40:00,005930,삼성전자,259250,259500,259000,259500,26346
2026-09-11 14:41:00,005930,삼성전자,259500,259500,259000,259500,15262
2026-09-11 14:42:00,005930,삼성전자,259000,259500,259000,259500,18274
2026-09-11 14:43:00,005930,삼성전자,259500,259500,259000,259250,100028
2026-09-11 14:44:00,005930,삼성전자,259250,259250,259000,259250,9271
2026-09-11 14:45:00,005930,삼성전자,259000,259500,259000,259000,39132
2026-09-11 14:46:00,005930,삼성전자,259250,259250,258500,259000,27649
2026-09-11 14:47:00,005930,삼성전자,259000,259000,258500,259000,24377
2026-09-11 14:48:00,005930,삼성전자,259000,259000,258750,259000,17857
2026-09-11 14:49:00,005930,삼성전자,259000,259000,258500,259000,40956
2026-09-11 14:50:00,005930,삼성전자,259000,259500,258500,259000,23520
2026-09-11 14:51:00,005930,삼성전자,259000,259500,259000,259250,15956
2026-09-11 14:52:00,005930,삼성전자,259500,260000,259250,260000,53564
2026-09-11 14:53:00,005930,삼성전자,260000,260500,259750,260250,78105
2026-09-11 14:54:00,005930,삼성전자,260500,261500,260250,261000,104396
2026-09-11 14:55:00,005930,삼성전자,261000,261500,261000,261250,26562
2026-09-11 14:56:00,005930,삼성전자,261250,261500,261000,261250,23774
2026-09-11 14:57:00,005930,삼성전자,261250,261250,260500,260750,33024
2026-09-11 14:58:00,005930,삼성전자,260500,261000,260500,261000,23728
2026-09-11 14:59:00,005930,삼성전자,261000,261500,260000,260500,81440
2026-09-11 15:00:00,005930,삼성전자,260500,260500,260000,260250,14300
2026-09-11 15:01:00,005930,삼성전자,260250,260500,260000,260000,9334
2026-09-11 15:02:00,005930,삼성전자,260000,260500,260000,260250,6895
2026-09-11 15:03:00,005930,삼성전자,260000,260500,260000,260250,10650
2026-09-11 15:04:00,005930,삼성전자,260250,260250,259500,259500,50364
2026-09-11 15:05:00,005930,삼성전자,259750,259750,259000,259500,43389
2026-09-11 15:06:00,005930,삼성전자,259000,259500,259000,259500,18394
2026-09-11 15:07:00,005930,삼성전자,259250,260000,259000,259750,40871
2026-09-11 15:08:00,005930,삼성전자,259750,260000,259500,259500,8672
2026-09-11 15:09:00,005930,삼성전자,260000,260000,259500,259500,33462
2026-09-11 15:10:00,005930,삼성전자,260000,260000,259500,259500,13556
2026-09-11 15:11:00,005930,삼성전자,259500,260000,259000,259500,35252
2026-09-11 15:12:00,005930,삼성전자,259500,260000,259000,259500,39936
2026-09-11 15:13:00,005930,삼성전자,260000,260000,259500,260000,8033
2026-09-11 15:14:00,005930,삼성전자,260000,260000,259500,259750,14892
2026-09-11 15:15:00,005930,삼성전자,259500,259750,259500,259750,14488
2026-09-11 15:16:00,005930,삼성전자,259500,260000,259500,260000,25767
2026-09-11 15:17:00,005930,삼성전자,260000,260000,259500,259750,19745
2026-09-11 15:18:00,005930,삼성전자,259500,260000,259500,259750,27337
2026-09-11 15:19:00,005930,삼성전자,259500,260000,259500,260000,39105
2026-09-11 15:30:00,005930,삼성전자,259500,259500,259500,259500,1594938
